sequence,date,type,annotationScore,suggestedTreatment,packetPages,actualConversationPacketPages,title,topTopics,topAuthorities,pddReferences,publicPapers,sourceCopyControls,supportLeads,notetaker,interpreter,dateTimePlace,annotationPrompt,pdfUrl
"75","1999-04-25","Telcon","215","Heavy annotation review","453-465","453-464","Telephone call with President Boris Yeltsin of Russia, April 25, 1999, Washington, D.C.","Kosovo / Balkans (48); NATO / European Security (12); Economic Reform / Assistance (7)","Yeltsin (34); Chernomyrdin (32); Gore (29); Milosevic (27); NATO (12); Talbott (6)","1","0","1","1","George Chastain, Doug Bailey, Frank Jarosinski, Joel Schrader, Andrew Weiss","Yuriy Shkeyrov,","April 25, 1999, 10:35 - 11:58 a.m. EDT, NATO Summit Trip Building","Issue context: Kosovo / Balkans, NATO / European Security, Economic Reform / Assistance. Authority checks: Yeltsin, Chernomyrdin, Gore, Milosevic, NATO, Talbott. Use Daily Diary row to verify timing/setting. Check duplicate/source-copy controls before final citation.","https://therealjameswilson.github.io/Clinton-Russia-High-Level/public/documents/1999-04-25-telcon-70.pdf"
"31","1995-05-10","Memcon","195","Heavy annotation review","171-187","171-186","Meeting with President Boris Yeltsin of Russia, May 10, 1995, The Kremlin, Moscow, Russia","NATO / European Security (67); Iraq / Middle East (17); Ukraine / Nuclear Security (16)","NATO (41); Gore (12); Yeltsin (11); Chernomyrdin (8); Kozyrev (3); G-7 (2)","1","7","0","1","","","10:10 a.m. - 1:19 p.m.","Issue context: NATO / European Security, Iraq / Middle East, Ukraine / Nuclear Security. Authority checks: NATO, Gore, Yeltsin, Chernomyrdin, Kozyrev, G-7. Compare same-day/nearby Public Papers for public framing. Use Daily Diary row to verify timing/setting.","https://therealjameswilson.github.io/Clinton-Russia-High-Level/public/documents/1995-05-10-memcon-28.pdf"
"49","1997-03-21","Memcon","190","Heavy annotation review","292-303","292-302","Helsinki Morning Meeting with President Boris Yeltsin","NATO / European Security (46); Arms Control / Nonproliferation (43); Ukraine / Nuclear Security (12)","NATO (38); Yeltsin (17); Primakov (7); Albright (3); Berger (1); Talbott (1)","0","8","1","2","","","March 21, 1997, 9:50-11:55 a.m. The Finnish President's Residence, Helsinki","Issue context: NATO / European Security, Arms Control / Nonproliferation, Ukraine / Nuclear Security. Authority checks: NATO, Yeltsin, Primakov, Albright, Berger, Talbott. Compare same-day/nearby Public Papers for public framing. Check duplicate/source-copy controls before final citation.","https://therealjameswilson.github.io/Clinton-Russia-High-Level/public/documents/1997-03-21-memcon-helsinki-morning.pdf"
"25","1994-09-27","Memcon","146","Heavy annotation review","134-144","134-143","Meeting with President Boris Yeltsin of Russia, September 27, 1994, White House","Ukraine / Nuclear Security (43); Arms Control / Nonproliferation (42); Iraq / Middle East (3)","Yeltsin (31); Christopher (7); Kozyrev (6); Gore (1); Milosevic (1)","0","4","1","1","","","September 27, 1994; 4:35-5:35pm Cabinet Room DECLASSIFIED PER E.0.13526 •CONFIDENTIAL- Declassify on: OADR 3/iyi.ol8 K6H","Issue context: Ukraine / Nuclear Security, Arms Control / Nonproliferation, Iraq / Middle East. Authority checks: Yeltsin, Christopher, Kozyrev, Gore, Milosevic. Compare same-day/nearby Public Papers for public framing. Check duplicate/source-copy controls before final citation.","https://therealjameswilson.github.io/Clinton-Russia-High-Level/public/documents/1994-09-27-clinton-yeltsin-expanded-security-session.pdf"
"82","1999-06-20","Memcon","142","Heavy annotation review","494-503","494-502","Meeting with President Boris Yeltsin of Russia, June 20, 1999, Cologne, Germany","Arms Control / Nonproliferation (38); Kosovo / Balkans (13); Economic Reform / Assistance (7)","Yeltsin (41); Ivanov (10); UN (6); Gore (5); Albright (3); Talbott (3)","1","5","1","0","Carlos Pascual","Peter Afanasenko","June 20, 1999, 1:00 - 2:00 p.m. Renaissance Hotel (Russians Host), Cologne, Germany","Issue context: Arms Control / Nonproliferation, Kosovo / Balkans, Economic Reform / Assistance. Authority checks: Yeltsin, Ivanov, UN, Gore, Albright, Talbott. Compare same-day/nearby Public Papers for public framing. Use Daily Diary row to verify timing/setting. Check duplicate/source-copy controls before final citation.","https://therealjameswilson.github.io/Clinton-Russia-High-Level/public/documents/1999-06-20-memcon-77.pdf"
"4","1993-04-04","Memcon","132","Heavy annotation review","19-31","19-30","Meeting with Russian President Boris Yeltsin on Security Issues","Ukraine / Nuclear Security (18); Economic Reform / Assistance (17); Iraq / Middle East (15)","Yeltsin (61); G-7 (5); Christopher (4); Kozyrev (3); Chernomyrdin (1); Gore (1)","0","3","0","0","Assistant to the President for National Security Affairs Daniel Poneman, Senior Director for Nonproliferation, NSC Staff","","April 4, 1993, 10:00 a.m. to 1:00 p.m. Pan Pacific Hotel, Vancouver, Canada","Issue context: Ukraine / Nuclear Security, Economic Reform / Assistance, Iraq / Middle East. Authority checks: Yeltsin, G-7, Christopher, Kozyrev, Chernomyrdin, Gore. Compare same-day/nearby Public Papers for public framing.","https://therealjameswilson.github.io/Clinton-Russia-High-Level/public/documents/1993-04-04-clinton-yeltsin-vancouver-security-issues.pdf"
"15","1994-01-13","Memcon","127","Heavy annotation review","80-90","80-90","President's dinner with President Yeltsin, January 13/14, 1994","Iraq / Middle East (20); NATO / European Security (9); Ukraine / Nuclear Security (9)","Yeltsin (62); NATO (6); Kozyrev (4); Chernomyrdin (2); Gore (2); Christopher (1)","0","4","0","2","","","January 13/14, 1994, Nova Ogareva, outside Moscow (source item date January 13; cable subject says January 14)","Issue context: Iraq / Middle East, NATO / European Security, Ukraine / Nuclear Security. Authority checks: Yeltsin, NATO, Kozyrev, Chernomyrdin, Gore, Christopher. Compare same-day/nearby Public Papers for public framing.","https://therealjameswilson.github.io/Clinton-Russia-High-Level/public/documents/clinton-standalone-1994-01-13-yeltsin-dinner-cable.pdf"
"53","1997-05-27","Memcon","117","Heavy annotation review","325-333","325-332","Meeting with President Boris Yeltsin of Russia, May 27, 1997, Paris, France","NATO / European Security (29); Arms Control / Nonproliferation (10); Iraq / Middle East (7)","Yeltsin (31); Primakov (11); NATO (10); Albright (6); Berger (4); Talbott (4)","0","1","1","0","Assistant to the President for National Security Affairs Strobe Talbott, Deputy Secretary of State Steve Pifer, NSC staff","","May 27, 1997, 5:00-5:55 p.m. The American Ambassador's Residence, Paris","Issue context: NATO / European Security, Arms Control / Nonproliferation, Iraq / Middle East. Authority checks: Yeltsin, Primakov, NATO, Albright, Berger, Talbott. Compare same-day/nearby Public Papers for public framing. Check duplicate/source-copy controls before final citation.","https://therealjameswilson.github.io/Clinton-Russia-High-Level/public/documents/1997-05-27-memcon-45.pdf"
"17","1994-01-14","Memcon","112","Heavy annotation review","94-101","94-101","Second Expanded Bilateral Session with President Boris Yeltsin of Russia","Arms Control / Nonproliferation (30); Iraq / Middle East (17); Ukraine / Nuclear Security (16)","Yeltsin (20); Chernomyrdin (2); Christopher (1); Gore (1); Kozyrev (1); Talbott (1)","1","6","2","2","Director for Russia, Ukraine and Eurasia Affairs, NSC Staff","","January 14, 1994, 9:35 - 11:15 a.m. St. Catherine's Hall, The Kremlin","Issue context: Arms Control / Nonproliferation, Iraq / Middle East, Ukraine / Nuclear Security. Authority checks: Yeltsin, Chernomyrdin, Christopher, Gore, Kozyrev, Talbott. Compare same-day/nearby Public Papers for public framing. Use Daily Diary row to verify timing/setting. Check duplicate/source-copy controls before final citation.","https://therealjameswilson.github.io/Clinton-Russia-High-Level/public/documents/1994-01-14-memcon-second-expanded-bilateral-session.pdf"
"54","1997-06-20","Memcon","105","Heavy annotation review","334-342","334-341","Meeting with President Boris Yeltsin of Russia, June 20, 1997, Denver, Colorado","NATO / European Security (14); Iraq / Middle East (13); Arms Control / Nonproliferation (11)","Yeltsin (31); Primakov (7); Albright (5); NATO (4); UN (4); Berger (3)","0","5","1","0","Ambassador for the NIS Steve Pifer, Senior Director, NSC","","June 20, 1997, 1:05-2:05 p.m. The Gold Room, The Brown Palace, Denver (The meeting opened with ten minutes of press pool sprays.) ■SECR-S-I^ Classified by: Glyn T. Davies DECLASSIFIED Reason: 1.5 (d) PER E.0.13526 lP- cOJty^DoS -IW-I Declassify on: X6 6/20/17 o5f'Xh/'i£>\l»","Issue context: NATO / European Security, Iraq / Middle East, Arms Control / Nonproliferation. Authority checks: Yeltsin, Primakov, Albright, NATO, UN, Berger. Compare same-day/nearby Public Papers for public framing. Check duplicate/source-copy controls before final citation.","https://therealjameswilson.github.io/Clinton-Russia-High-Level/public/documents/1997-06-20-memcon-46.pdf"
"9","1993-07-10","Memcon","100","Heavy annotation review","46-55","46-54","Meeting with President Boris Yeltsin of Russia, July 10, 1993, Tokyo, Japan","Ukraine / Nuclear Security (17); Iraq / Middle East (7); Economic Reform / Assistance (4)","Yeltsin (48); Christopher (6); Kozyrev (5); Talbott (4); Berger (1); Chernomyrdin (1)","0","1","2","0","Acting Senior Director for Russia, Ukraine and Eurasia Affairs, NSC staff","","July 10, 1993, 7:45 - 9:15am Ambassador's Residence, Tokyo","Issue context: Ukraine / Nuclear Security, Iraq / Middle East, Economic Reform / Assistance. Authority checks: Yeltsin, Christopher, Kozyrev, Talbott, Berger, Chernomyrdin. Compare same-day/nearby Public Papers for public framing. Check duplicate/source-copy controls before final citation.","https://therealjameswilson.github.io/Clinton-Russia-High-Level/public/documents/1993-07-10-memcon-09.pdf"
"35","1995-10-23","Memcon","97","Heavy annotation review","206-218","206-217","Clinton-Yeltsin One-on-One","NATO / European Security (21); Ukraine / Nuclear Security (7); Arms Control / Nonproliferation (5)","NATO (18); Yeltsin (15); Gore (5); Chernomyrdin (4); Tudjman (4); Milosevic (2)","0","2","1","5","","","11:30 a.m.-1:35 p.m.","Issue context: NATO / European Security, Ukraine / Nuclear Security, Arms Control / Nonproliferation. Authority checks: NATO, Yeltsin, Gore, Chernomyrdin, Tudjman, Milosevic. Compare same-day/nearby Public Papers for public framing. Check duplicate/source-copy controls before final citation.","https://therealjameswilson.github.io/Clinton-Russia-High-Level/public/documents/1995-10-23-clinton-yeltsin-hyde-park-one-on-one.pdf"
"52","1997-03-21","Memcon","95","Heavy annotation review","318-324","318-323","Helsinki Private Dinner with President Boris Yeltsin","Iraq / Middle East (15); Ukraine / Nuclear Security (12); NATO / European Security (6)","Yeltsin (31); Talbott (4); Chernomyrdin (3); NATO (2)","0","8","1","2","","","March 21, 1997, 8:15-9:30 p.m. Finnish Official Guest Residence, Helsinki","Issue context: Iraq / Middle East, Ukraine / Nuclear Security, NATO / European Security. Authority checks: Yeltsin, Talbott, Chernomyrdin, NATO. Compare same-day/nearby Public Papers for public framing. Check duplicate/source-copy controls before final citation.","https://therealjameswilson.github.io/Clinton-Russia-High-Level/public/documents/1997-03-21-memcon-helsinki-private-dinner.pdf"
"3","1993-04-03","Memcon","92","Heavy annotation review","9-18","9-17","Working Dinner with President Boris Yeltsin","Economic Reform / Assistance (18); Arms Control / Nonproliferation (4); Russian Politics / Elections (3)","Yeltsin (41); Kozyrev (7); Christopher (4); G-7 (4); Chernomyrdin (2); UN (2)","0","3","0","0","Director for Russian, Ukrainian and Eurasian Affairs, NSC Staff","","April 3, 1993, 6:30 - 8:30pm Vancouver, Canada (Both Presidents opened the dinner by giving prepared toasts)","Issue context: Economic Reform / Assistance, Arms Control / Nonproliferation, Russian Politics / Elections. Authority checks: Yeltsin, Kozyrev, Christopher, G-7, Chernomyrdin, UN. Compare same-day/nearby Public Papers for public framing.","https://therealjameswilson.github.io/Clinton-Russia-High-Level/public/documents/1993-04-03-clinton-yeltsin-vancouver-working-dinner.pdf"
"74","1999-04-19","Telcon","90","Heavy annotation review","446-452","446-451","Telephone call with President Boris Yeltsin of Russia, April 19, 1999, White House","Kosovo / Balkans (33); NATO / European Security (11); Economic Reform / Assistance (2)","NATO (11); Milosevic (10); Yeltsin (10); Chernomyrdin (6); Ivanov (2); Albright (1)","1","0","0","0","Robert Ford, Michael T. Manning, Roger Merletti, Matt Sibley, Jim Smith, Andrew Weiss","Nikolai Sorokin","April 19, 1999, 9:30 - 10:13 a.m. EDT, Oval Office","Issue context: Kosovo / Balkans, NATO / European Security, Economic Reform / Assistance. Authority checks: NATO, Milosevic, Yeltsin, Chernomyrdin, Ivanov, Albright. Use Daily Diary row to verify timing/setting.","https://therealjameswilson.github.io/Clinton-Russia-High-Level/public/documents/1999-04-19-telcon-69.pdf"
"24","1994-09-27","Memcon","86","Heavy annotation review","126-133","126-132","Clinton-Yeltsin one-on-one memcon, September 27, 1994","Kosovo / Balkans (16); Economic Reform / Assistance (5); Iraq / Middle East (5)","Yeltsin (29); Milosevic (13); UN (2); G-7 (1); Kohl (1); Kozyrev (1)","0","4","1","1","The President President Boris Yeltsin Anthony Lake, Assistant to the President for National Security","","September 27, 1994: 11:00 a.m.-1:00 p.m.; Oval Office and Patio","Issue context: Kosovo / Balkans, Economic Reform / Assistance, Iraq / Middle East. Authority checks: Yeltsin, Milosevic, UN, G-7, Kohl, Kozyrev. Compare same-day/nearby Public Papers for public framing. Check duplicate/source-copy controls before final citation.","https://therealjameswilson.github.io/Clinton-Russia-High-Level/public/documents/1994-09-27-clinton-yeltsin-white-house-one-on-one.pdf"
"51","1997-03-21","Memcon","85","Heavy annotation review","313-317","313-316","Helsinki Afternoon Meeting with President Boris Yeltsin","NATO / European Security (14); Economic Reform / Assistance (5); Arms Control / Nonproliferation (4)","Yeltsin (19); NATO (9); Berger (6); G-7 (2); Primakov (2); Talbott (2)","0","8","1","2","","","March 21, 1997, 4:00-4:50 p.m. The Finnish President's Residence, Helsinki","Issue context: NATO / European Security, Economic Reform / Assistance, Arms Control / Nonproliferation. Authority checks: Yeltsin, NATO, Berger, G-7, Primakov, Talbott. Compare same-day/nearby Public Papers for public framing. Check duplicate/source-copy controls before final citation.","https://therealjameswilson.github.io/Clinton-Russia-High-Level/public/documents/1997-03-21-memcon-helsinki-afternoon.pdf"
"65","1998-06-15","Telcon","83","Heavy annotation review","401-406","401-405","Telephone call with President Boris Yeltsin of Russia, June 15, 1998, White House","Kosovo / Balkans (25); NATO / European Security (7); Arms Control / Nonproliferation (4)","Yeltsin (13); Milosevic (12); NATO (7); Primakov (3); IMF (2); UN (2)","1","0","1","1","Bob Ford, Cindy Lawrence, Andrew Weiss","Kyrill Borissow","June 15, 1998, 1:21 p.m, - 1:57 p.m. EDT, Oval Office","Issue context: Kosovo / Balkans, NATO / European Security, Arms Control / Nonproliferation. Authority checks: Yeltsin, Milosevic, NATO, Primakov, IMF, UN. Use Daily Diary row to verify timing/setting. Check duplicate/source-copy controls before final citation.","https://therealjameswilson.github.io/Clinton-Russia-High-Level/public/documents/1998-06-15-telcon-57.pdf"
"14","1994-01-13","Memcon","82","Heavy annotation review","74-79","74-79","One-on-One Meeting with President Boris Yeltsin of Russia","Economic Reform / Assistance (28); Russian Politics / Elections (11); Iraq / Middle East (5)","Yeltsin (18); G-7 (3); NATO (2); IMF (1); Kozyrev (1); Kravchuk (1)","0","4","0","2","","","January 13, 1994, 9:00 - 9:45am The Kremlin","Issue context: Economic Reform / Assistance, Russian Politics / Elections, Iraq / Middle East. Authority checks: Yeltsin, G-7, NATO, IMF, Kozyrev, Kravchuk. Compare same-day/nearby Public Papers for public framing.","https://therealjameswilson.github.io/Clinton-Russia-High-Level/public/documents/clinton-standalone-1994-01-13-memcon-one-on-one.pdf"
"50","1997-03-21","Memcon","82","Heavy annotation review","304-312","304-311","Helsinki Working Lunch with President Boris Yeltsin","NATO / European Security (10); Economic Reform / Assistance (9); Russian Politics / Elections (7)","Yeltsin (23); Chernomyrdin (3); Gore (3); IMF (2); Talbott (2); Albright (1)","0","8","1","2","","","March 21, 1997, 1:00-2:00 p.m. The Finnish President's Residence, Helsinki ■CONFIDENTIAh Reason: 1.5 (d) DECLASSIFIED Declassify On: X6 3/21/17 n: PER E.0.13526, lP- u>-3C-/CiC>S - KOE","Issue context: NATO / European Security, Economic Reform / Assistance, Russian Politics / Elections. Authority checks: Yeltsin, Chernomyrdin, Gore, IMF, Talbott, Albright. Compare same-day/nearby Public Papers for public framing. Check duplicate/source-copy controls before final citation.","https://therealjameswilson.github.io/Clinton-Russia-High-Level/public/documents/1997-03-21-memcon-helsinki-working-lunch.pdf"
"62","1998-05-17","Memcon","82","Heavy annotation review","383-391","383-390","Meeting with President Boris Yeltsin of Russia, May 17, 1998, Birmingham, England","Arms Control / Nonproliferation (10); Kosovo / Balkans (9); NATO / European Security (5)","Yeltsin (30); Primakov (4); Berger (3); Chernomyrdin (3); Milosevic (3); UN (3)","0","1","2","3","","","May 17, 1998 — 11:47 a.m. - 12:33 p.m. Birmingham, England","Issue context: Arms Control / Nonproliferation, Kosovo / Balkans, NATO / European Security. Authority checks: Yeltsin, Primakov, Berger, Chernomyrdin, Milosevic, UN. Compare same-day/nearby Public Papers for public framing. Check duplicate/source-copy controls before final citation.","https://therealjameswilson.github.io/Clinton-Russia-High-Level/public/documents/1998-05-17-memcon-54.pdf"
"42","1996-04-21","Memcon","79","Heavy annotation review","261-268","261-267","Luncheon Meeting with Russian President Boris Yeltsin","Economic Reform / Assistance (17); Russian Politics / Elections (11); Arms Control / Nonproliferation (3)","Yeltsin (18); G-7 (11); Zyuganov (3); Berger (1); Ivanov (1); Talbott (1)","0","4","1","1","Ambassador-at-Large to the New Independent States Ashton Carter, Assistant Secretary of Defense Coit Blacker, NSC","","April 21, 1996, 12:50 -- 2:15 p.m. The Kremlin","Issue context: Economic Reform / Assistance, Russian Politics / Elections, Arms Control / Nonproliferation. Authority checks: Yeltsin, G-7, Zyuganov, Berger, Ivanov, Talbott. Compare same-day/nearby Public Papers for public framing. Check duplicate/source-copy controls before final citation.","https://therealjameswilson.github.io/Clinton-Russia-High-Level/public/documents/1996-04-21-memcon-moscow-luncheon.pdf"
"13","1993-12-22","Telcon","77","Heavy annotation review","69-73","69-72","Telephone call with President Boris Yeltsin of Russia, December 22, 1993, White House","Economic Reform / Assistance (19); Ukraine / Nuclear Security (14); Russian Politics / Elections (7)","Yeltsin (14); NATO (5); Kravchuk (4); Gore (3); G-7 (2); IMF (1)","1","1","1","0","John Beyrle","Dmitriy Zarechnak","December 22, 1993 9:10 - 9:40 am Oval Office","Issue context: Economic Reform / Assistance, Ukraine / Nuclear Security, Russian Politics / Elections. Authority checks: Yeltsin, NATO, Kravchuk, Gore, G-7, IMF. Compare same-day/nearby Public Papers for public framing. Use Daily Diary row to verify timing/setting. Check duplicate/source-copy controls before final citation.","https://therealjameswilson.github.io/Clinton-Russia-High-Level/public/documents/1993-12-22-telcon-13.pdf"
"32","1995-06-17","Memcon","76","Heavy annotation review","188-195","188-195","Meeting with President Boris Yeltsin of Russia, June 17, 1995, Halifax, Nova Scotia, Canada","NATO / European Security (18); Ukraine / Nuclear Security (9); Chechnya / Caucasus (8)","NATO (13); Yeltsin (6); Chernomyrdin (4); Gore (4); UN (3); Christopher (1)","0","1","1","3","","","June 17, 1995, Halifax, Nova Scotia, Canada","Issue context: NATO / European Security, Ukraine / Nuclear Security, Chechnya / Caucasus. Authority checks: NATO, Yeltsin, Chernomyrdin, Gore, UN, Christopher. Compare same-day/nearby Public Papers for public framing. Check duplicate/source-copy controls before final citation.","https://therealjameswilson.github.io/Clinton-Russia-High-Level/public/documents/1995-06-17-memcon-29.pdf"
"33","1995-07-28","Telcon","76","Heavy annotation review","196-201","196-200","Telephone call with President Boris Yeltsin of Russia, July 28, 1995, White House","Kosovo / Balkans (13); NATO / European Security (6); Chechnya / Caucasus (5)","Yeltsin (17); Kozyrev (7); Milosevic (7); UN (7); NATO (6); Kohl (2)","1","0","1","0","Steve Pifer, Katherine O'Loughlin, Kenneth Baldwin and Mary Canty","Peter Afanasenko","July 28, 1995, 10:35-11:19 a.m. EDT Oval Office","Issue context: Kosovo / Balkans, NATO / European Security, Chechnya / Caucasus. Authority checks: Yeltsin, Kozyrev, Milosevic, UN, NATO, Kohl. Use Daily Diary row to verify timing/setting. Check duplicate/source-copy controls before final citation.","https://therealjameswilson.github.io/Clinton-Russia-High-Level/public/documents/1995-07-28-telcon-30.pdf"
"84","1999-11-19","Memcon","74","Heavy annotation review","510-517","510-516","Meeting with President Boris Yeltsin of Russia, November 19, 1999, Istanbul, Turkey","Arms Control / Nonproliferation (12); Chechnya / Caucasus (8); Ukraine / Nuclear Security (7)","Yeltsin (28); Ivanov (8); Albright (3); Berger (2)","0","1","1","0","Carlos Pascual DATE,. TIME November 19, 1999, 10:45 a.m.-ll:40 a.m.","Peter Afansenko","DATE,. TIME November 19, 1999, 10:45 a.m.-ll:40 a.m.","Issue context: Arms Control / Nonproliferation, Chechnya / Caucasus, Ukraine / Nuclear Security. Authority checks: Yeltsin, Ivanov, Albright, Berger. Compare same-day/nearby Public Papers for public framing. Check duplicate/source-copy controls before final citation.","https://therealjameswilson.github.io/Clinton-Russia-High-Level/public/documents/1999-11-18-memcon-79.pdf"
"38","1996-02-21","Telcon","72","Heavy annotation review","231-235","231-234","Telephone call with President Boris Yeltsin of Russia, February 21, 1996, White House","NATO / European Security (12); Russian Politics / Elections (10); Arms Control / Nonproliferation (9)","Yeltsin (18); NATO (9); Chernomyrdin (3); Christopher (2); Primakov (2); Gore (1)","1","0","1","0","Ted Sevigny, Mary Canty, Elaine Florio, Steve Pifer","Peter Afanasenko","February 21, 1996, 10:38-11:05 a.m. EST Oval Office PRESIDENT CLINTON: Hello? (U) PRESIDENT YELTSIN Hello, Bill. (U) PRESIDENT CLINTON Hello, Boris. Thank you for taking my call. (U)","Issue context: NATO / European Security, Russian Politics / Elections, Arms Control / Nonproliferation. Authority checks: Yeltsin, NATO, Chernomyrdin, Christopher, Primakov, Gore. Use Daily Diary row to verify timing/setting. Check duplicate/source-copy controls before final citation.","https://therealjameswilson.github.io/Clinton-Russia-High-Level/public/documents/1996-02-21-telcon-34.pdf"
"37","1996-01-26","Telcon","71","Heavy annotation review","225-230","225-229","Telephone call with President Boris Yeltsin of Russia, January 26, 1996, White House","Russian Politics / Elections (15); Economic Reform / Assistance (7); Chechnya / Caucasus (6)","Yeltsin (20); NATO (6); Chernomyrdin (4); Gore (2); IMF (2); Christopher (1)","1","1","1","0","Katherine O'Loughlin, Kevin Wooton, Deuce Martinez, Steve Pifer","Peter Afanasenko","January 26, 1996, 10:46-11:27 a.m. EDT Oval Office","Issue context: Russian Politics / Elections, Economic Reform / Assistance, Chechnya / Caucasus. Authority checks: Yeltsin, NATO, Chernomyrdin, Gore, IMF, Christopher. Compare same-day/nearby Public Papers for public framing. Use Daily Diary row to verify timing/setting. Check duplicate/source-copy controls before final citation.","https://therealjameswilson.github.io/Clinton-Russia-High-Level/public/documents/1996-01-26-telcon-33.pdf"
"8","1993-06-28","Telcon","69","Heavy annotation review","41-45","41-44","Telephone call with President Boris Yeltsin of Russia, June 28, 1993, White House","Economic Reform / Assistance (17); Arms Control / Nonproliferation (6); Iraq / Middle East (5)","Yeltsin (12); G-7 (9); Chernomyrdin (3); Talbott (3); Gore (2); IMF (2)","1","1","1","1","Beth Banner","Demitry Zarechnak","28 June 1993, 1:05 - 1:33pm Oval Office President Clinton: Hello. (U)","Issue context: Economic Reform / Assistance, Arms Control / Nonproliferation, Iraq / Middle East. Authority checks: Yeltsin, G-7, Chernomyrdin, Talbott, Gore, IMF. Compare same-day/nearby Public Papers for public framing. Use Daily Diary row to verify timing/setting. Check duplicate/source-copy controls before final citation.","https://therealjameswilson.github.io/Clinton-Russia-High-Level/public/documents/1993-06-28-telcon-08.pdf"
"55","1997-10-30","Telcon","69","Heavy annotation review","343-349","343-348","Telephone call with President Boris Yeltsin of Russia, October 30, 1997, White House","Arms Control / Nonproliferation (21); Russian Politics / Elections (5); Iraq / Middle East (3)","Yeltsin (21); Primakov (5); Albright (3); Chernomyrdin (1)","1","0","2","1","Pete Huggins, Jim Smith, Doug Mueller, Bonnie Click Tony Campanella, Ki Fort","Dimitry Zarechnak","October 30, 1997, 12:52 - 1:21 p.m. EST The Oval Office","Issue context: Arms Control / Nonproliferation, Russian Politics / Elections, Iraq / Middle East. Authority checks: Yeltsin, Primakov, Albright, Chernomyrdin. Use Daily Diary row to verify timing/setting. Check duplicate/source-copy controls before final citation.","https://therealjameswilson.github.io/Clinton-Russia-High-Level/public/documents/1997-10-30-telcon-47.pdf"
"68","1998-08-14","Telcon","68","Heavy annotation review","415-421","415-420","Telephone call with President Boris Yeltsin of Russia, August 14, 1998, White House","Economic Reform / Assistance (11); Kosovo / Balkans (9); Russian Politics / Elections (9)","Yeltsin (20); IMF (5); Milosevic (5); Albright (1); Gore (1); Primakov (1)","1","0","1","0","Cindy Lawrence, Sean Tarver, Frank Jarosinski, Robert Ford, Daniel Kunin, Andrew Weiss","Kyril Borissow","August 14, 1998, 10:30 a.m.- 11:06 a.m. EDT, Oval Office","Issue context: Economic Reform / Assistance, Kosovo / Balkans, Russian Politics / Elections. Authority checks: Yeltsin, IMF, Milosevic, Albright, Gore, Primakov. Use Daily Diary row to verify timing/setting. Check duplicate/source-copy controls before final citation.","https://therealjameswilson.github.io/Clinton-Russia-High-Level/public/documents/1998-08-14-telcon-61.pdf"
"16","1994-01-14","Memcon","66","Heavy annotation review","91-93","91-93","Trilateral Meeting with President Boris Yeltsin of Russia on Security Issues","Ukraine / Nuclear Security (29); Arms Control / Nonproliferation (3); Economic Reform / Assistance (1)","Yeltsin (7); Kravchuk (4); Chernomyrdin (1); Kozyrev (1); Talbott (1)","1","6","1","1","Director for Russia, Ukraine and Eurasia Affairs, NSC Staff","","January 14, 1994, 8:35 - 8:55 a.m. ' St. Catherine's Hall, The Kremlin DECLASSIFICATION AUTHORITY: Geoffrey W. Chapman, Senior Reviewer, A/GIS/IPS 3/25/2019 llarlaccifv nn- nAnp nrwrinrm-rl iu UNCLASSIFIED U.S. Department of State Case No. F-2017-13804 Doc No. C06694499 Date: 03/29/2019","Issue context: Ukraine / Nuclear Security, Arms Control / Nonproliferation, Economic Reform / Assistance. Authority checks: Yeltsin, Kravchuk, Chernomyrdin, Kozyrev, Talbott. Compare same-day/nearby Public Papers for public framing. Use Daily Diary row to verify timing/setting. Check duplicate/source-copy controls before final citation.","https://therealjameswilson.github.io/Clinton-Russia-High-Level/public/documents/1994-01-14-memcon-trilateral-yeltsin-kravchuk.pdf"
"41","1996-04-21","Memcon","65","Heavy annotation review","247-260","247-259","POTUS-Yeltsin One-on-One","Iraq / Middle East (13); Arms Control / Nonproliferation (11); Chechnya / Caucasus (7)","Yeltsin (7); Primakov (5); NATO (3); Christopher (2); Talbott (2); Chernomyrdin (1)","0","4","2","1","","","April 21, 1996, 10:00-11:45 a.m., Moscow, Russia","Issue context: Iraq / Middle East, Arms Control / Nonproliferation, Chechnya / Caucasus. Authority checks: Yeltsin, Primakov, NATO, Christopher, Talbott, Chernomyrdin. Compare same-day/nearby Public Papers for public framing. Check duplicate/source-copy controls before final citation.","https://therealjameswilson.github.io/Clinton-Russia-High-Level/public/documents/1996-04-21-memcon-moscow-one-on-one.pdf"
"30","1995-04-27","Telcon","64","Heavy annotation review","166-170","166-169","Telephone call with President Boris Yeltsin of Russia, April 27, 1995, White House","NATO / European Security (16); Arms Control / Nonproliferation (4); Chechnya / Caucasus (3)","Yeltsin (16); NATO (14); Gore (3); Kozyrev (3); Chernomyrdin (2); Christopher (1)","0","0","0","0","John Beyrle, Kenneth Baldwin, Karen Dragone","Peter Afanasenko","27 April 1995, 9:31 - 10:04am Oval Office","Issue context: NATO / European Security, Arms Control / Nonproliferation, Chechnya / Caucasus. Authority checks: Yeltsin, NATO, Gore, Kozyrev, Chernomyrdin, Christopher.","https://therealjameswilson.github.io/Clinton-Russia-High-Level/public/documents/1995-04-27-telcon-27.pdf"
"28","1994-10-10","Telcon","63","Heavy annotation review","156-160","156-159","Telephone call with President Boris Yeltsin of Russia, October 10, 1994, White House","Iraq / Middle East (22); Economic Reform / Assistance (5); Ukraine / Nuclear Security (2)","Yeltsin (12); Kozyrev (6); Christopher (3); Chernomyrdin (2); Primakov (2); Kohl (1)","1","0","1","1","Jessica Stern","Dimitry Zarechnak","October 10, 1993, 12:15 - 12:40pm Oval Office","Issue context: Iraq / Middle East, Economic Reform / Assistance, Ukraine / Nuclear Security. Authority checks: Yeltsin, Kozyrev, Christopher, Chernomyrdin, Primakov, Kohl. Use Daily Diary row to verify timing/setting. Check duplicate/source-copy controls before final citation.","https://therealjameswilson.github.io/Clinton-Russia-High-Level/public/documents/1994-10-10-clinton-yeltsin-iraq-telcon.pdf"
"72","1998-12-30","Telcon","62","Heavy annotation review","435-439","435-439","Telephone call with President Boris Yeltsin of Russia, December 30, 1998, White House","Economic Reform / Assistance (15); Arms Control / Nonproliferation (9); Iraq / Middle East (8)","Yeltsin (7); IMF (6); Primakov (6); NATO (5); Gore (2); UN (2)","0","0","0","0","David Higgins, Matt Sibley, Doug Bayley, Jim Smith","Dmitry Zarechnak","December 30, 1998, 10:00-10:33 a.m., Oval Of ce","Issue context: Economic Reform / Assistance, Arms Control / Nonproliferation, Iraq / Middle East. Authority checks: Yeltsin, IMF, Primakov, NATO, Gore, UN.","https://therealjameswilson.github.io/Clinton-Russia-High-Level/public/documents/1998-12-30-clinton-yeltsin-telcon-actual-pages.pdf"
"80","1999-06-13","Telcon","60","Heavy annotation review","481-488","481-487","Telephone call with President Boris Yeltsin of Russia, June 13, 1999, White House","Kosovo / Balkans (24)","Yeltsin (24); UN (4); Albright (1); Berger (1); Gore (1); Ivanov (1)","0","0","1","0","Joel Schrader, Jenny McGee, Miles Murphy, and Doug Bayley","Nikolai Sorokin","June 13, 1999, 9:07 - 10:05 a.m. Oval Office","Issue context: Kosovo / Balkans. Authority checks: Yeltsin, UN, Albright, Berger, Gore, Ivanov. Check duplicate/source-copy controls before final citation.","https://therealjameswilson.github.io/Clinton-Russia-High-Level/public/documents/1999-06-13-telcon-75.pdf"
"10","1993-09-07","Telcon","59","Heavy annotation review","56-60","56-59","Telephone call with President Boris Yeltsin of Russia, September 7, 1993, White House","Ukraine / Nuclear Security (12); Economic Reform / Assistance (7); Arms Control / Nonproliferation (2)","Yeltsin (17); Chernomyrdin (4); Kozyrev (3); Kravchuk (3); Gore (2); Christopher (1)","1","1","1","0","Beth Banner","Demitry Zarechnak","September 7, 1993, 11:40am - 12:10pm Oval Office","Issue context: Ukraine / Nuclear Security, Economic Reform / Assistance, Arms Control / Nonproliferation. Authority checks: Yeltsin, Chernomyrdin, Kozyrev, Kravchuk, Gore, Christopher. Compare same-day/nearby Public Papers for public framing. Use Daily Diary row to verify timing/setting. Check duplicate/source-copy controls before final citation.","https://therealjameswilson.github.io/Clinton-Russia-High-Level/public/documents/1993-09-07-telcon-10.pdf"
"22","1994-06-13","Telcon","59","Heavy annotation review","117-121","117-120","Telephone Call with President Boris Yeltsin of Russia, June 13, 1994, White House","Iraq / Middle East (17); Arms Control / Nonproliferation (3); Economic Reform / Assistance (2)","Yeltsin (17); Christopher (5); Kozyrev (5); G-7 (2); UN (2)","1","0","1","0","Steven Aoki","Dimitry Zarechnak","11 June 1994, 1:24 (EDT) The White House President Clinton: Hello","Issue context: Iraq / Middle East, Arms Control / Nonproliferation, Economic Reform / Assistance. Authority checks: Yeltsin, Christopher, Kozyrev, G-7, UN. Use Daily Diary row to verify timing/setting. Check duplicate/source-copy controls before final citation.","https://therealjameswilson.github.io/Clinton-Russia-High-Level/public/documents/1994-06-13-telcon-20.pdf"
"73","1999-03-24","Telcon","57","Heavy annotation review","440-445","440-444","Telephone call with President Boris Yeltsin of Russia, March 24, 1999, White House","Kosovo / Balkans (18); Russian Politics / Elections (4); Ukraine / Nuclear Security (3)","Yeltsin (10); Milosevic (9); Ivanov (1); NATO (1); Primakov (1)","1","3","0","0","Jenny McGee, Miles Murphy, Joel Schrader, James Smith, Andrew Weiss","Yuri Shkeyrov","March 24, 1998, 9:20 - 9:56 a.m. Oval Office","Issue context: Kosovo / Balkans, Russian Politics / Elections, Ukraine / Nuclear Security. Authority checks: Yeltsin, Milosevic, Ivanov, NATO, Primakov. Compare same-day/nearby Public Papers for public framing. Use Daily Diary row to verify timing/setting.","https://therealjameswilson.github.io/Clinton-Russia-High-Level/public/documents/1999-03-24-telcon-68.pdf"
"21","1994-04-20","Telcon","56","Heavy annotation review","112-116","112-115","Telephone call with President Boris Yeltsin of Russia, April 20, 1994, White House","Kosovo / Balkans (6); NATO / European Security (6); Economic Reform / Assistance (4)","Yeltsin (12); UN (10); NATO (6); Kozyrev (3); Christopher (2); Kohl (1)","1","0","1","0","Rick Waddell","Dimitry Zarechnak","April 20, 1994; 2:25 - 3:05pm Oval Office","Issue context: Kosovo / Balkans, NATO / European Security, Economic Reform / Assistance. Authority checks: Yeltsin, UN, NATO, Kozyrev, Christopher, Kohl. Use Daily Diary row to verify timing/setting. Check duplicate/source-copy controls before final citation.","https://therealjameswilson.github.io/Clinton-Russia-High-Level/public/documents/1994-04-20-telcon-18.pdf"
"39","1996-03-13","Memcon","56","Heavy annotation review","236-240","236-239","Meeting with President Boris Yeltsin of Russia, March 13, 1996, Sharm El-Sheikh, Egypt","Russian Politics / Elections (9); Economic Reform / Assistance (2)","Yeltsin (27); Primakov (6); Christopher (3); Chernomyrdin (2); Gore (2); Talbott (1)","0","0","2","0","","","March 13, 1996, Sharm El-Sheikh, Egypt","Issue context: Russian Politics / Elections, Economic Reform / Assistance. Authority checks: Yeltsin, Primakov, Christopher, Chernomyrdin, Gore, Talbott. Check duplicate/source-copy controls before final citation.","https://therealjameswilson.github.io/Clinton-Russia-High-Level/public/documents/1996-03-13-clinton-yeltsin-sharm-el-sheikh-memcon-cable.pdf"
"40","1996-04-09","Telcon","56","Heavy annotation review","241-246","241-245","Telephone call with President Boris Yeltsin of Russia, April 9, 1996, White House","Ukraine / Nuclear Security (8); Russian Politics / Elections (6); Arms Control / Nonproliferation (5)","Yeltsin (19); G-7 (3); Primakov (3); Christopher (2); Talbott (1); Zyuganov (1)","0","0","1","2","Deuce Martinez, Daniel Flessas, Karen Dragone, James Goldgeier, Carlos Pascual, Steve Pifer","Peter Afanasenko","April 9, 1996, 8:05-8:45 a.m. EDT Oval Office PRESIDENT CLINTON: Hello, Boris? (U)","Issue context: Ukraine / Nuclear Security, Russian Politics / Elections, Arms Control / Nonproliferation. Authority checks: Yeltsin, G-7, Primakov, Christopher, Talbott, Zyuganov. Check duplicate/source-copy controls before final citation.","https://therealjameswilson.github.io/Clinton-Russia-High-Level/public/documents/1996-04-09-telcon-36.pdf"
"67","1998-07-10","Telcon","56","Heavy annotation review","410-414","410-413","Telephone call with President Boris Yeltsin of Russia, July 10, 1998, White House","Russian Politics / Elections (10); Economic Reform / Assistance (7); Iraq / Middle East (3)","Yeltsin (17); IMF (5); Berger (2)","1","0","2","2","Jim Smith, Jeff Rathke, Lyle Harrison, Doug Baylel, Andrew Weiss","Dimitry Zarechnak","July 10, 1998, 1:19 p.m. - 1:38 p.m. EDT, Oval Office","Issue context: Russian Politics / Elections, Economic Reform / Assistance, Iraq / Middle East. Authority checks: Yeltsin, IMF, Berger. Use Daily Diary row to verify timing/setting. Check duplicate/source-copy controls before final citation.","https://therealjameswilson.github.io/Clinton-Russia-High-Level/public/documents/1998-07-10-telcon-60.pdf"
"29","1995-02-13","Telcon","55","Heavy annotation review","161-165","161-164","Telephone call with President Boris Yeltsin of Russia, February 13, 1995, White House","Chechnya / Caucasus (15); Economic Reform / Assistance (12); Russian Politics / Elections (7)","Yeltsin (15); Kohl (2)","1","0","1","0","","","February 13, 1995, 1:03-1:25 p.m. Oval Office","Issue context: Chechnya / Caucasus, Economic Reform / Assistance, Russian Politics / Elections. Authority checks: Yeltsin, Kohl. Use Daily Diary row to verify timing/setting. Check duplicate/source-copy controls before final citation.","https://therealjameswilson.github.io/Clinton-Russia-High-Level/public/documents/1995-02-13-telcon-26.pdf"
"48","1997-02-27","Telcon","54","Heavy annotation review","288-291","288-290","Telephone call with President Boris Yeltsin of Russia, February 27, 1997, White House","NATO / European Security (16); Arms Control / Nonproliferation (11); Economic Reform / Assistance (3)","Yeltsin (10); Chernomyrdin (3); NATO (3); Gore (2); Albright (1); Talbott (1)","0","0","1","0","Elaine Florio, Katherine O'Loughlin, Wylma Robinson, David Higgins, Ki Fort","Peter Afanasenko","February 27, 1997, 11:51 a.m.-12:09 p.m. The Oval Office","Issue context: NATO / European Security, Arms Control / Nonproliferation, Economic Reform / Assistance. Authority checks: Yeltsin, Chernomyrdin, NATO, Gore, Albright, Talbott. Check duplicate/source-copy controls before final citation.","https://therealjameswilson.github.io/Clinton-Russia-High-Level/public/documents/1997-02-27-telcon-43.pdf"
"61","1998-05-12","Telcon","54","Heavy annotation review","377-382","377-381","Telephone call with President Boris Yeltsin of Russia, May 12, 1998, White House","Arms Control / Nonproliferation (13); Ukraine / Nuclear Security (6); Kosovo / Balkans (5)","Yeltsin (17); Berger (2); Talbott (1)","1","0","2","1","Larry Wright, Tom Crowell, Bonnie Click, James Smith, Sean Rice, Ki Fort, Jon Elkind","Dimitry Zarechnak","May 12, 1998, 11:01 - 11:27 EDT Oval Office","Issue context: Arms Control / Nonproliferation, Ukraine / Nuclear Security, Kosovo / Balkans. Authority checks: Yeltsin, Berger, Talbott. Use Daily Diary row to verify timing/setting. Check duplicate/source-copy controls before final citation.","https://therealjameswilson.github.io/Clinton-Russia-High-Level/public/documents/1998-05-12-telcon-53.pdf"
"26","1994-09-28","Memcon","50","Heavy annotation review","145-150","145-150","Second Clinton/Yeltsin One-on-One","NATO / European Security (12); Ukraine / Nuclear Security (6); Iraq / Middle East (4)","NATO (11); UN (7); Talbott (3); Yeltsin (2); Kohl (1)","0","2","0","0","","","September 28, 1994, 1:00-2:30 p.m.","Issue context: NATO / European Security, Ukraine / Nuclear Security, Iraq / Middle East. Authority checks: NATO, UN, Talbott, Yeltsin, Kohl. Compare same-day/nearby Public Papers for public framing.","https://therealjameswilson.github.io/Clinton-Russia-High-Level/public/documents/clinton-standalone-1994-09-28-second-one-on-one.pdf"
"34","1995-09-27","Telcon","50","Heavy annotation review","202-205","202-204","Telephone call with President Boris Yeltsin of Russia, September 27, 1995, White House","NATO / European Security (8); Ukraine / Nuclear Security (5); Arms Control / Nonproliferation (4)","Yeltsin (17); NATO (6); Chernomyrdin (2); Gore (1); Kozyrev (1)","1","0","1","0","Steve Pifer, Paul Weber, Deuce Martinez, Katherine O'Loughlin, Trey Whitworth","Peter Afanasenko","September 27, 1995, 10:35-11:53 a.m. EDT Oval Office","Issue context: NATO / European Security, Ukraine / Nuclear Security, Arms Control / Nonproliferation. Authority checks: Yeltsin, NATO, Chernomyrdin, Gore, Kozyrev. Use Daily Diary row to verify timing/setting. Check duplicate/source-copy controls before final citation.","https://therealjameswilson.github.io/Clinton-Russia-High-Level/public/documents/1995-09-27-telcon-31.pdf"
"43","1996-05-07","Telcon","50","Heavy annotation review","269-273","269-272","Telephone call with President Boris Yeltsin of Russia, May 7, 1996, White House","Russian Politics / Elections (10); Chechnya / Caucasus (5); Economic Reform / Assistance (5)","Yeltsin (18); IMF (3); Chernomyrdin (1)","1","0","1","1","James Goldgeier, Carlos Pascual, Steve Pifer","Dmitriy Zarechnak","May 7, 1996, 8:34-8:55 a.m. EDT, Oval Office ","Issue context: Russian Politics / Elections, Chechnya / Caucasus, Economic Reform / Assistance. Authority checks: Yeltsin, IMF, Chernomyrdin. Use Daily Diary row to verify timing/setting. Check duplicate/source-copy controls before final citation.","https://therealjameswilson.github.io/Clinton-Russia-High-Level/public/documents/1996-05-07-telcon-38.pdf"
"70","1998-09-12","Telcon","50","Heavy annotation review","427-431","427-430","Telephone call with President Boris Yeltsin of Russia, September 12, 1998, White House","Economic Reform / Assistance (8); Russian Politics / Elections (4); Iraq / Middle East (1)","Primakov (15); Yeltsin (10); Gore (2); Ivanov (2); Albright (1); Berger (1)","1","0","1","0","Bonnie Click, Liz Rogers, Cindy Lawrence, Matt Sibley, Joel Schrader","Dmitry Zarechnak","September 12, 1998, 11:32 - 11:59 a.m. EDT; Oval Office","Issue context: Economic Reform / Assistance, Russian Politics / Elections, Iraq / Middle East. Authority checks: Primakov, Yeltsin, Gore, Ivanov, Albright, Berger. Use Daily Diary row to verify timing/setting. Check duplicate/source-copy controls before final citation.","https://therealjameswilson.github.io/Clinton-Russia-High-Level/public/documents/1998-09-12-telcon-64.pdf"
"18","1994-01-15","Memcon","49","Heavy annotation review","102-103","102-103","One-on-One Meeting with President Boris Yeltsin of Russia","Economic Reform / Assistance (7); Russian Politics / Elections (3)","Yeltsin (25); G-7 (3); IMF (1)","0","3","0","2","","","January 15, 1994, 9:00 - 9:20am The Kremlin The President started the conversation by saying that before he came to Moscow, he had worked hard with the G-7 to achieve the three aims which the U.S. and Russia shared: first, to get the next 1.5 billion dollars from the IMF to Russia; second, to get some debt relief (restructuring); third, to get flexibility in the conditions set by the international financial institutions for setting conditions for aid. The G-7 nations agreed to this if the President would push for reforms in Russia, since they believed that President Yeltsin was committed to these reforms. President Clinton said that he had asked for today's meeting with President Yeltsin because President Yeltsin had told him on the previous day that there would be some changes in personnel in his government related to economic positions. For example, Gaidar would lead the party of reformers in the parliament. This was, of course, for President Yeltsin, not President Clinton, to decide, and President Clinton had come to better understand during the days he had just spent in Moscow, talking to the people in the streets and in the TV studio, the political pressures facing President Yeltsin. President Yeltsin only wished that as President Yeltsin worked through these issues in the coming days, he would think about what President Clinton was saying. (^ President Clinton said President Yeltsin's decision could have an impact on all the individuals who were committed to achieving the desired goals for Russia. President Clinton's credibility was connected to President Yeltsin's indication that he would continue the reforms, which were linked to a specific team of people. Perhaps this would change, but the impression was that ~6ECRE¥- Declassify on: OADR ccrocn-","Issue context: Economic Reform / Assistance, Russian Politics / Elections. Authority checks: Yeltsin, G-7, IMF. Compare same-day/nearby Public Papers for public framing.","https://therealjameswilson.github.io/Clinton-Russia-High-Level/public/documents/clinton-standalone-1994-01-15-memcon-one-on-one.pdf"
"60","1998-04-06","Telcon","49","Heavy annotation review","371-376","371-375","Telephone call with President Boris Yeltsin of Russia, April 6, 1998, White House","Arms Control / Nonproliferation (8); Kosovo / Balkans (8); Iraq / Middle East (4)","Yeltsin (14); Milosevic (3); Gore (2); Primakov (2); Albright (1); Chernomyrdin (1)","0","0","2","0","Larry Wright, Bob Ford, Anthony Campanella, George Chastain, James Smith","(.Peter Afanasenko","April 6, 1998, 10:01-10:28 EDT Oval Office","Issue context: Arms Control / Nonproliferation, Kosovo / Balkans, Iraq / Middle East. Authority checks: Yeltsin, Milosevic, Gore, Primakov, Albright, Chernomyrdin. Check duplicate/source-copy controls before final citation.","https://therealjameswilson.github.io/Clinton-Russia-High-Level/public/documents/1998-04-06-telcon-52.pdf"
"20","1994-04-10","Telcon","48","Heavy annotation review","108-111","108-110","Telephone call with President Boris Yeltsin of Russia, April 10, 1994, White House","NATO / European Security (5); Kosovo / Balkans (2)","UN (13); Yeltsin (12); NATO (5); Kozyrev (2); Milosevic (2); Christopher (1)","1","0","1","0","Kevin Wooton, William Spencer","Dimitri Zarechnak","April 10, 1994; Call began at 2315 EDT, terminated at 2338 EDT. The White House","Issue context: NATO / European Security, Kosovo / Balkans. Authority checks: UN, Yeltsin, NATO, Kozyrev, Milosevic, Christopher. Use Daily Diary row to verify timing/setting. Check duplicate/source-copy controls before final citation.","https://therealjameswilson.github.io/Clinton-Russia-High-Level/public/documents/1994-04-10-telcon-17.pdf"
"27","1994-10-05","Telcon","48","Heavy annotation review","151-155","151-154","Telephone call with President Boris Yeltsin, October 5, 1994, White House","Iraq / Middle East (6); Economic Reform / Assistance (4); Russian Politics / Elections (1)","Yeltsin (13); Chernomyrdin (7); Gore (4); Christopher (1); Kozyrev (1); Primakov (1)","1","0","1","2","Jessica Stern","Dimitry Zarechnak","October 5, 1993, 10:30-11:00am, Oval Office","Issue context: Iraq / Middle East, Economic Reform / Assistance, Russian Politics / Elections. Authority checks: Yeltsin, Chernomyrdin, Gore, Christopher, Kozyrev, Primakov. Use Daily Diary row to verify timing/setting. Check duplicate/source-copy controls before final citation.","https://therealjameswilson.github.io/Clinton-Russia-High-Level/public/documents/1994-10-05-telcon-24.pdf"
"36","1995-10-23","Memcon","48","Heavy annotation review","219-224","219-223","Lunch with Boris Yeltsin, President of Russian Federation","NATO / European Security (1); Ukraine / Nuclear Security (1)","Yeltsin (27); Kozyrev (2); Christopher (1); NATO (1); Talbott (1)","0","2","0","5","","","October 23, 1995; 1:30 p.m.-2:40 p.m. Dining Room, Hyde Park Library, Hyde Park, New York","Issue context: NATO / European Security, Ukraine / Nuclear Security. Authority checks: Yeltsin, Kozyrev, Christopher, NATO, Talbott. Compare same-day/nearby Public Papers for public framing.","https://therealjameswilson.github.io/Clinton-Russia-High-Level/public/documents/1995-10-23-clinton-yeltsin-hyde-park-lunch.pdf"
"64","1998-05-28","Telcon","48","Heavy annotation review","396-400","396-399","Telephone call with President Boris Yeltsin of Russia, May 28, 1998, White House","Economic Reform / Assistance (15); Russian Politics / Elections (1); Ukraine / Nuclear Security (1)","Yeltsin (12); IMF (6); Albright (1); Primakov (1); UN (1)","1","0","2","1","Cindy Lawrence","Kyrill Borissow","May 28, 1998, 11:53 a.m. - 12:14 p.m. EDT, Oval Office","Issue context: Economic Reform / Assistance, Russian Politics / Elections, Ukraine / Nuclear Security. Authority checks: Yeltsin, IMF, Albright, Primakov, UN. Use Daily Diary row to verify timing/setting. Check duplicate/source-copy controls before final citation.","https://therealjameswilson.github.io/Clinton-Russia-High-Level/public/documents/1998-05-28-telcon-56.pdf"
"57","1997-11-22","Telcon","46","Heavy annotation review","354-360","354-359","Telephone call with President Boris Yeltsin of Russia, November 22, 1997, White House","Iraq / Middle East (10); Arms Control / Nonproliferation (7); Russian Politics / Elections (5)","Yeltsin (12); Primakov (3); Albright (2); UN (1)","1","0","1","0","Lyle Harrison, Jeff Rathke, Cindy Lawrence, Ki Fort","Dimitry Zarechnak","November 22, 1997, 9:00 - 9:43 a.m. EST TU^D PLACE: Oval Office","Issue context: Iraq / Middle East, Arms Control / Nonproliferation, Russian Politics / Elections. Authority checks: Yeltsin, Primakov, Albright, UN. Use Daily Diary row to verify timing/setting. Check duplicate/source-copy controls before final citation.","https://therealjameswilson.github.io/Clinton-Russia-High-Level/public/documents/1997-11-22-telcon-49.pdf"
"76","1999-05-02","Telcon","45","Heavy annotation review","466-470","466-469","Telephone call with President Boris Yeltsin of Russia, May 2, 1999, White House","Kosovo / Balkans (5)","Yeltsin (16); Chernomyrdin (8); Gore (5); Milosevic (1)","1","1","1","1","Tony Campanella, Elizabeth Rogers, Michael Manning, Sean Tarver, Andrew Weiss","Peter Afanasenko","May 2, 1999, 10:18 - 10:31 a.m. EDT, Residence","Issue context: Kosovo / Balkans. Authority checks: Yeltsin, Chernomyrdin, Gore, Milosevic. Compare same-day/nearby Public Papers for public framing. Use Daily Diary row to verify timing/setting. Check duplicate/source-copy controls before final citation.","https://therealjameswilson.github.io/Clinton-Russia-High-Level/public/documents/1999-05-02-telcon-71.pdf"
"78","1999-06-08","Telcon","45","Heavy annotation review","474-477","474-476","Telephone call with President Boris Yeltsin of Russia, June 8, 1999, White House","Kosovo / Balkans (9); NATO / European Security (1)","Yeltsin (7); Chernomyrdin (5); Ivanov (5); Milosevic (5); UN (4); NATO (1)","1","2","0","0","Bonnie Click, Sean Tarver, Roger Merletti, Don Cheramie","Nikolai Sorokin","June 8, 1999, 8:58 - 9:13 a.m., EST Oval Office","Issue context: Kosovo / Balkans, NATO / European Security. Authority checks: Yeltsin, Chernomyrdin, Ivanov, Milosevic, UN, NATO. Compare same-day/nearby Public Papers for public framing. Use Daily Diary row to verify timing/setting.","https://therealjameswilson.github.io/Clinton-Russia-High-Level/public/documents/1999-06-08-telcon-73.pdf"
"83","1999-09-08","Telcon","45","Heavy annotation review","504-509","504-508","Telephone call with President Boris Yeltsin of Russia, September 8, 1999, White House","Arms Control / Nonproliferation (19); Chechnya / Caucasus (3); Russian Politics / Elections (3)","Yeltsin (12); Ivanov (2); Albright (1); Gore (1); Talbott (1); UN (1)","0","0","1","0","","","September 8, 1999, 11:42 a.m. - 12:21 p.m., OEOB","Issue context: Arms Control / Nonproliferation, Chechnya / Caucasus, Russian Politics / Elections. Authority checks: Yeltsin, Ivanov, Albright, Gore, Talbott, UN. Check duplicate/source-copy controls before final citation.","https://therealjameswilson.github.io/Clinton-Russia-High-Level/public/documents/1999-09-08-telcon-78.pdf"
"58","1998-02-02","Telcon","44","Standard annotation review","361-365","361-364","Telephone call with President Boris Yeltsin of Russia, February 2, 1998, White House","Iraq / Middle East (15); Arms Control / Nonproliferation (1); Russian Politics / Elections (1)","Yeltsin (13); Primakov (3); Albright (2); Chernomyrdin (2); Gore (1)","1","0","1","0","Jim Smith, Pat O'Shaughnessy, Jeff Rathke, Cindy Lawrence, Ki Fort, Bill Courtney","Dimitri Zarechnak","February 2, 1998, 9:31-9:51 a.m. EST The White House","Issue context: Iraq / Middle East, Arms Control / Nonproliferation, Russian Politics / Elections. Authority checks: Yeltsin, Primakov, Albright, Chernomyrdin, Gore. Use Daily Diary row to verify timing/setting. Check duplicate/source-copy controls before final citation.","https://therealjameswilson.github.io/Clinton-Russia-High-Level/public/documents/1998-02-02-telcon-50.pdf"
"71","1998-10-05","Telcon","43","Standard annotation review","432-434","432-434","Telephone call with President Boris Yeltsin of Russia, October 5, 1998, White House","Kosovo / Balkans (22); NATO / European Security (1)","Yeltsin (8); Milosevic (5); Ivanov (1); NATO (1); UN (1)","1","0","0","0","Tony Campariella, Liz Rogers, Robin Rickard, Joel Schrader, Chris Bell","Peter Afanasenko","October 5, 1998, 12:01 - 12:18 p.m. EDT, Oval Office","Issue context: Kosovo / Balkans, NATO / European Security. Authority checks: Yeltsin, Milosevic, Ivanov, NATO, UN. Use Daily Diary row to verify timing/setting.","https://therealjameswilson.github.io/Clinton-Russia-High-Level/public/documents/1998-10-05-clinton-yeltsin-telcon-actual-pages.pdf"
"59","1998-02-23","Telcon","42","Standard annotation review","366-370","366-369","Telephone call with President Boris Yeltsin of Russia, February 23, 1998, White House","Iraq / Middle East (7); Arms Control / Nonproliferation (6); Russian Politics / Elections (3)","Yeltsin (16); Primakov (2); UN (2)","0","0","1","1","Pat O'Shaughnessy, Tom Corwell, Bonnie Click, Jeff Rathke, Jim Smith, Rexon Ryu, Ki Fort","Peter Afansenko","February 23, 1998, 11:01 - 11:17 a.m. EST The White House","Issue context: Iraq / Middle East, Arms Control / Nonproliferation, Russian Politics / Elections. Authority checks: Yeltsin, Primakov, UN. Check duplicate/source-copy controls before final citation.","https://therealjameswilson.github.io/Clinton-Russia-High-Level/public/documents/1998-02-23-telcon-51.pdf"
"69","1998-08-25","Telcon","39","Standard annotation review","422-426","422-425","Telephone call with President Boris Yeltsin of Russia, August 25, 1998, Martha's Vineyard, Massachusetts","Iraq / Middle East (7); Kosovo / Balkans (4); Arms Control / Nonproliferation (3)","Yeltsin (14); Chernomyrdin (2); Gore (2); Milosevic (1); UN (1)","0","0","1","1","","Dmitry Zarechnak Note Takers: Larry Wright, Matt Sibley, Jonathan Elkind, Andrew Weiss","August 25, 1998, 9:39 a.m. - 10:08 a.m. EDT Martha's Vineyard","Issue context: Iraq / Middle East, Kosovo / Balkans, Arms Control / Nonproliferation. Authority checks: Yeltsin, Chernomyrdin, Gore, Milosevic, UN. Check duplicate/source-copy controls before final citation.","https://therealjameswilson.github.io/Clinton-Russia-High-Level/public/documents/1998-08-25-telcon-62.pdf"
"2","1993-02-10","Telcon","37","Standard annotation review","5-8","5-7","Telephone call with President Boris Yeltsin of Russia, February 10, 1993, White House","Kosovo / Balkans (7); NATO / European Security (3); Iraq / Middle East (1)","Yeltsin (7); UN (4); Christopher (3); Kozyrev (3); NATO (3); Milosevic (2)","0","0","1","0","Nicholas Burns","Dmitri Zarechnak","February 10, 1993, 1:51 - 2:14pm Oval Office","Issue context: Kosovo / Balkans, NATO / European Security, Iraq / Middle East. Authority checks: Yeltsin, UN, Christopher, Kozyrev, NATO, Milosevic. Check duplicate/source-copy controls before final citation.","https://therealjameswilson.github.io/Clinton-Russia-High-Level/public/documents/1993-02-10-telcon-02.pdf"
"19","1994-02-20","Telcon","37","Standard annotation review","104-107","104-106","Telephone call with President Boris Yeltsin of Russia, February 20, 1994, White House White House","Kosovo / Balkans (6); NATO / European Security (1)","Yeltsin (12); Kohl (3); Milosevic (3); UN (2); Christopher (1); Kozyrev (1)","1","1","1","0","Katherine O'Loughlin","Galina Tunik-Rosniansky","February 20, 1994; l:27-l:47pm EST The Oval Office","Issue context: Kosovo / Balkans, NATO / European Security. Authority checks: Yeltsin, Kohl, Milosevic, UN, Christopher, Kozyrev. Compare same-day/nearby Public Papers for public framing. Use Daily Diary row to verify timing/setting. Check duplicate/source-copy controls before final citation.","https://therealjameswilson.github.io/Clinton-Russia-High-Level/public/documents/1994-02-20-telcon-16.pdf"
"44","1996-06-18","Telcon","37","Standard annotation review","274-276","274-275","Telephone call with President Boris Yeltsin of Russia, June 18, 1996, White House","Russian Politics / Elections (4); Economic Reform / Assistance (2); NATO / European Security (1)","Yeltsin (12); Chernomyrdin (1); NATO (1)","0","1","3","3","James Goldgeier, Carlos Pascual","Peter Afanasenko","June 18, 1996, 9:02-9:12 a.m. EDT, Residence ","Issue context: Russian Politics / Elections, Economic Reform / Assistance, NATO / European Security. Authority checks: Yeltsin, Chernomyrdin, NATO. Compare same-day/nearby Public Papers for public framing. Check duplicate/source-copy controls before final citation.","https://therealjameswilson.github.io/Clinton-Russia-High-Level/public/documents/1996-06-18-telcon-39.pdf"
"45","1996-07-05","Telcon","37","Standard annotation review","277-280","277-279","Telephone call with President Boris Yeltsin of Russia, July 5, 1996, White House","Russian Politics / Elections (5); Arms Control / Nonproliferation (2); NATO / European Security (1)","Yeltsin (10); Chernomyrdin (4); Gore (4); Christopher (1); Kohl (1); NATO (1)","1","0","1","1","Carlos Pascual, James Goldgeier, Evan Reade, Peter Huggins, Katherine O'Loughlin, Deuce Martinez","Nik Sorokin","July 5, 1996, 9:05-9:27 a.m. EDT, Residence ","Issue context: Russian Politics / Elections, Arms Control / Nonproliferation, NATO / European Security. Authority checks: Yeltsin, Chernomyrdin, Gore, Christopher, Kohl, NATO. Use Daily Diary row to verify timing/setting. Check duplicate/source-copy controls before final citation.","https://therealjameswilson.github.io/Clinton-Russia-High-Level/public/documents/1996-07-05-telcon-40.pdf"
"11","1993-09-21","Telcon","35","Standard annotation review","61-64","61-63","Telephone call with President Boris Yeltsin of Russia, September 21, 1993, White House","Economic Reform / Assistance (7); Russian Politics / Elections (4)","Yeltsin (13); Christopher (1)","1","2","1","0","John Beyrle and Rose Gottemoeller","Demitry Zarechnak","September 21, 1993, 3:56 - 4:13pm White House Residence (President's Study)","Issue context: Economic Reform / Assistance, Russian Politics / Elections. Authority checks: Yeltsin, Christopher. Compare same-day/nearby Public Papers for public framing. Use Daily Diary row to verify timing/setting. Check duplicate/source-copy controls before final citation.","https://therealjameswilson.github.io/Clinton-Russia-High-Level/public/documents/1993-09-21-telcon-11.pdf"
"56","1997-11-16","Telcon","35","Standard annotation review","350-353","350-352","Telephone call with President Boris Yeltsin of Russia, November 16, 1997, Malibu, California","Iraq / Middle East (9); Arms Control / Nonproliferation (2); Ukraine / Nuclear Security (1)","Yeltsin (11); Primakov (4); Albright (2); UN (2)","0","0","1","0","David Higgins, Mariann Papadimitriou, Larry Wright, James Smith, Pat O'Shaughnessy, Ki Fort","Dimitry Zarechnak","November 16, 1997, 2:04 - 2:15 a.m. EST Malibu, California","Issue context: Iraq / Middle East, Arms Control / Nonproliferation, Ukraine / Nuclear Security. Authority checks: Yeltsin, Primakov, Albright, UN. Check duplicate/source-copy controls before final citation.","https://therealjameswilson.github.io/Clinton-Russia-High-Level/public/documents/1997-11-16-telcon-48.pdf"
"81","1999-06-14","Telcon","34","Standard annotation review","489-493","489-492","Telephone call with President Boris Yeltsin of Russia, June 14, 1999, White House","Kosovo / Balkans (9); NATO / European Security (1)","Yeltsin (15); Albright (1); Gore (1); Ivanov (1)","1","0","1","0","Joel Schrader, Miles Murphy, Matt Sibley, Joel Ehrendreich, Roger Merletti, Doug Bayley, and Andrew Weiss","Nikolai Sorokin","June 14, 1999, 10:06 - 10:32 a.m. Oval Office","Issue context: Kosovo / Balkans, NATO / European Security. Authority checks: Yeltsin, Albright, Gore, Ivanov. Use Daily Diary row to verify timing/setting. Check duplicate/source-copy controls before final citation.","https://therealjameswilson.github.io/Clinton-Russia-High-Level/public/documents/1999-06-14-telcon-76.pdf"
"1","1993-01-23","Telcon","33","Standard annotation review","1-4","1-3","Telephone call with President Boris Yeltsin of Russia, January 23, 1993, White House","Economic Reform / Assistance (4); Arms Control / Nonproliferation (3); Iraq / Middle East (2)","Yeltsin (7); Christopher (4); Kozyrev (3); UN (3); Talbott (1)","1","0","1","0","Nicholas Burns, NSC staff","Dmitri Zarechnak","January 23, 1993, 10:45 - 11:17am Oval Office","Issue context: Economic Reform / Assistance, Arms Control / Nonproliferation, Iraq / Middle East. Authority checks: Yeltsin, Christopher, Kozyrev, UN, Talbott. Use Daily Diary row to verify timing/setting. Check duplicate/source-copy controls before final citation.","https://therealjameswilson.github.io/Clinton-Russia-High-Level/public/documents/1993-01-23-telcon-01.pdf"
"47","1996-12-05","Telcon","31","Standard annotation review","284-287","284-286","Telephone call with President Boris Yeltsin of Russia, December 5, 1996, White House","Russian Politics / Elections (3); Economic Reform / Assistance (1)","Yeltsin (14); Chernomyrdin (4); Gore (2); Primakov (1)","0","0","1","1","Katherine O'Loughlin, Larry Wright, Trey Whitworth, Ki Fort, Carlos Pascual, Mike Hamel","Dimitry Zarechnak","December 5, 1996, 9:35-9:50 a.m. Oval Office President Clinton: Hello? (U)","Issue context: Russian Politics / Elections, Economic Reform / Assistance. Authority checks: Yeltsin, Chernomyrdin, Gore, Primakov. Check duplicate/source-copy controls before final citation.","https://therealjameswilson.github.io/Clinton-Russia-High-Level/public/documents/1996-12-05-telcon-42.pdf"
"63","1998-05-21","Telcon","30","Standard annotation review","392-395","392-394","Telephone call with President Boris Yeltsin of Russia, May 21, 1998, White House","Arms Control / Nonproliferation (2); Iraq / Middle East (1); Russian Politics / Elections (1)","Yeltsin (10)","1","2","1","3","Larry Wright, Bonnie Click, James Smith, Peter Huggins, Jenny McGee, Pat 0'Shaughnessy, Ki Fort","Peter Afanasenko","May 21, 1998, 10:41-1052 a.m. EDT, Oval Office","Issue context: Arms Control / Nonproliferation, Iraq / Middle East, Russian Politics / Elections. Authority checks: Yeltsin. Compare same-day/nearby Public Papers for public framing. Use Daily Diary row to verify timing/setting. Check duplicate/source-copy controls before final citation.","https://therealjameswilson.github.io/Clinton-Russia-High-Level/public/documents/1998-05-21-telcon-55.pdf"
"12","1993-10-05","Telcon","26","Standard annotation review","65-68","65-67","Telephone call with President Boris Yeltsin of Russia, October 5, 1993, Air Force One","Russian Politics / Elections (4); Economic Reform / Assistance (1)","Yeltsin (12); Christopher (1)","1","1","1","0","John Beyrle","Dmitriy Zarechnak","October 5, 1993, 1:42 - 2:02pm Air Force One","Issue context: Russian Politics / Elections, Economic Reform / Assistance. Authority checks: Yeltsin, Christopher. Compare same-day/nearby Public Papers for public framing. Use Daily Diary row to verify timing/setting. Check duplicate/source-copy controls before final citation.","https://therealjameswilson.github.io/Clinton-Russia-High-Level/public/documents/1993-10-05-telcon-12.pdf"
"77","1999-06-07","Telcon","24","Standard annotation review","471-473","471-472","Telephone call with President Boris Yeltsin of Russia, June 7, 1999, White House","Kosovo / Balkans (2)","Yeltsin (9); Ivanov (4); Milosevic (2); Chernomyrdin (1); Gore (1); Talbott (1)","1","0","0","0","Robin Rickard, James Smith Michael Manning, Roger Merletti, Stuart Kaufman","Kyrill Borissow","7 June 1999, 11:07 - 11:14 a.m. EST, Oval Office","Issue context: Kosovo / Balkans. Authority checks: Yeltsin, Ivanov, Milosevic, Chernomyrdin, Gore, Talbott. Use Daily Diary row to verify timing/setting.","https://therealjameswilson.github.io/Clinton-Russia-High-Level/public/documents/1999-06-07-telcon-72.pdf"
"85","1999-12-31","Telcon","24","Standard annotation review","518-521","518-520","Telephone call with President Boris Yeltsin of Russia, December 31, 1999, White House","Russian Politics / Elections (5); Arms Control / Nonproliferation (1); Iraq / Middle East (1)","Yeltsin (8)","1","2","1","0","Jenny McGee, Robert Ford, Joel Ehrendreich, and Sean Tarver","","December 31, 1999, 09:02-09:22 p.m. EST Oval Office","Issue context: Russian Politics / Elections, Arms Control / Nonproliferation, Iraq / Middle East. Authority checks: Yeltsin. Compare same-day/nearby Public Papers for public framing. Use Daily Diary row to verify timing/setting. Check duplicate/source-copy controls before final citation.","https://therealjameswilson.github.io/Clinton-Russia-High-Level/public/documents/1999-12-31-telcon-80.pdf"
"5","1993-04-26","Telcon","23","Light annotation check","32-34","32-33","Telephone call with President Boris Yeltsin of Russia, April 26, 1993, White House","Economic Reform / Assistance (1)","Yeltsin (12)","1","1","1","1","Beth Banner","Peter Afanasenko","April 26, 1993, 1:50 - 1:58pm Residence","Issue context: Economic Reform / Assistance. Authority checks: Yeltsin. Compare same-day/nearby Public Papers for public framing. Use Daily Diary row to verify timing/setting. Check duplicate/source-copy controls before final citation.","https://therealjameswilson.github.io/Clinton-Russia-High-Level/public/documents/1993-04-26-telcon-05.pdf"
"6","1993-05-02","Telcon","23","Light annotation check","35-37","35-36","Telephone call with President Boris Yeltsin of Russia, May 2, 1993, White House","","Yeltsin (9); Christopher (4)","1","1","1","1","Nicholas Burns","Dmitri Zarechnak","May 2, 1993, 8:45 - 8:51am The Residence","Authority checks: Yeltsin, Christopher. Compare same-day/nearby Public Papers for public framing. Use Daily Diary row to verify timing/setting. Check duplicate/source-copy controls before final citation.","https://therealjameswilson.github.io/Clinton-Russia-High-Level/public/documents/1993-05-02-telcon-06.pdf"
"23","1994-07-05","Telcon","23","Light annotation check","122-125","122-124","Telephone call with President Boris Yeltsin of Russia, July 5, 1994, White House","NATO / European Security (4)","Yeltsin (13); NATO (2)","0","0","1","0","John Beyrle","Kyrill Borissov","5 July 1994, 9:31-9:49 (EDT) Oval Office","Issue context: NATO / European Security. Authority checks: Yeltsin, NATO. Check duplicate/source-copy controls before final citation.","https://therealjameswilson.github.io/Clinton-Russia-High-Level/public/documents/1994-07-05-telcon-21.pdf"
"7","1993-05-10","Telcon","22","Light annotation check","38-40","38-39","Telephone call with President Boris Yeltsin of Russia, May 10, 1993, White House","Chechnya / Caucasus (6); Ukraine / Nuclear Security (6)","Yeltsin (6)","1","0","0","0","Christine Potts","Dmitriy Zarechnak","May 10, 1993, 8:12 - 8:19am The Oval Office President Clinton: Hello, Boris. Good morning. (U)","Issue context: Chechnya / Caucasus, Ukraine / Nuclear Security. Authority checks: Yeltsin. Use Daily Diary row to verify timing/setting.","https://therealjameswilson.github.io/Clinton-Russia-High-Level/public/documents/1993-05-10-telcon-07.pdf"
"66","1998-06-16","Telcon","22","Light annotation check","407-409","407-408","Telephone call with President Boris Yeltsin of Russia, June 16, 1998, White House","Kosovo / Balkans (3)","Yeltsin (8); Milosevic (2); Primakov (2); Talbott (1)","1","0","0","1","Tom Crowell, Nick Dowling, Bonnie Click, Joel Schrader, James Smith, Andrew Weiss","Dimitry Zarechnak","June 16, 1998, 10:50 a.m - 10:58 a.m. EDT, Oval Office","Issue context: Kosovo / Balkans. Authority checks: Yeltsin, Milosevic, Primakov, Talbott. Use Daily Diary row to verify timing/setting.","https://therealjameswilson.github.io/Clinton-Russia-High-Level/public/documents/1998-06-16-telcon-59.pdf"
"79","1999-06-10","Telcon","20","Light annotation check","478-480","478-479","Telephone call with President Boris Yeltsin of Russia, June 10, 1999, White House","Economic Reform / Assistance (1); Kosovo / Balkans (1)","Yeltsin (8); Chernomyrdin (1); UN (1)","1","2","0","0","George Chastain, Matt Sibley, Sean Tarver, Robert Ford, Roger Merletti, James Smith","Peter Afansenko","June 10, 1999, 10:40 - 10:50 a.m. EST Oval Office","Issue context: Economic Reform / Assistance, Kosovo / Balkans. Authority checks: Yeltsin, Chernomyrdin, UN. Compare same-day/nearby Public Papers for public framing. Use Daily Diary row to verify timing/setting.","https://therealjameswilson.github.io/Clinton-Russia-High-Level/public/documents/1999-06-10-telcon-74.pdf"
"46","1996-09-15","Telcon","16","Light annotation check","281-283","281-282","Telephone call with President Boris Yeltsin of Russia, September 15, 1996, White House","Russian Politics / Elections (1)","Yeltsin (13)","0","0","0","0","Cindy Lawrence, Steve Brennan, Peter Huggins, Ki Fort","Peter Afanasenko","September 15, 1996, 11:04-11:13 a.m. Residence President Clinton: Hello. Hello Boris. (U)","Issue context: Russian Politics / Elections. Authority checks: Yeltsin.","https://therealjameswilson.github.io/Clinton-Russia-High-Level/public/documents/1996-09-15-telcon-41.pdf"
