spineOrder,compilerDecision,proposedDocumentNumber,printTreatment,sourceNoteChecked,facePageChecked,annotationChecked,declassificationNotes,compilerNotes,sequence,date,type,selectionTier,selectionScore,actualConversationPages,phaseLabel,title,selectionReasons,topTopics,topAuthorities,annotationPrompt,sourceNoteReviewStatus,sourceNoteFlags,facePageStatus,facePageMissingFields,subject,dateTimePlace,notetaker,interpreter,classificationMarking,sourceNoteDraftForReview,packetPages,actualConversationPacketPages,sourcePdfPages,markerPage,provenanceSheetPacketPage,pddReferences,publicPapers,sourceCopies,strobeContext,naraSupport,nextActions,pdfUrl,sourcePacketUrl,baseFrusSourceNote
"1","","","","","","","","","4","1993-04-03","Memcon","Tier 2 - strong candidate","92","9","Opening channel, Vancouver, and Tokyo","Working Dinner with President Boris Yeltsin","Tier 2 representative for Russian Politics / Elections","Economic Reform / Assistance (18); Arms Control / Nonproliferation (4); Russian Politics / Elections (3)","Yeltsin (41); Kozyrev (7); Christopher (4); G-7 (4); Chernomyrdin (2); UN (2)","Issue context: Economic Reform / Assistance, Arms Control / Nonproliferation, Russian Politics / Elections. Authority checks: Yeltsin, Kozyrev, Christopher, G-7, Chernomyrdin, UN. Compare same-day/nearby Public Papers for public framing.","Needs source-note review","classification marking; classified-by line not parsed; classification reason not parsed","Review fields","classification marking","Working Dinner with President Boris Yeltsin (U)","April 3, 1993, 6:30 - 8:30pm Vancouver, Canada (Both Presidents opened the dinner by giving prepared toasts)","Director for Russian, Ukrainian and Eurasian Affairs, NSC Staff","","","Source: William J. Clinton Presidential Library, Clinton Presidential Records, Records of the National Security Council Records Management Office (Clinton Administration), NAID 7388808, Presidential Records Series (PRS) Files, NAID 7585721, NSC Records Management, OA/Box Number 145, Folder Title/Record ID 9302226, National Archives Catalog item 2014-0901-M, Memcons between President William Jefferson Clinton and President Boris Yeltsin, NAID 163545404. [Classification marking to be verified against the source PDF]. The face page identifies Director for Russian, Ukrainian and Eurasian Affairs, NSC Staff as notetaker. The face page gives the date/time/place as: April 3, 1993, 6:30 - 8:30pm Vancouver, Canada (Both Presidents opened the dinner by giving prepared toasts).","9-18","9-17","9-17","2","18","0","3","0","0","0","P1 Draft spine closeout: Read the derivative PDF, verify source-note/face-page addenda, capture annotation hooks, and make the include/excerpt/background call.","https://therealjameswilson.github.io/Clinton-Russia-High-Level/public/documents/1993-04-03-clinton-yeltsin-vancouver-working-dinner.pdf","https://s3.amazonaws.com/NARAprodstorage/lz/presidential-libraries/clinton/wjc-nscrm/7585721/6-YeltsinVancouver.pdf","Source: William J. Clinton Presidential Library, Clinton Presidential Records, Records of the National Security Council Records Management Office (Clinton Administration), NAID 7388808, Presidential Records Series (PRS) Files, NAID 7585721, NSC Records Management, OA/Box Number 145, Folder Title/Record ID 9302226, National Archives Catalog item 2014-0901-M, Memcons between President William Jefferson Clinton and President Boris Yeltsin, NAID 163545404."
"2","","","","","","","","","5","1993-04-04","Memcon","Tier 1 - likely core","132","12","Opening channel, Vancouver, and Tokyo","Meeting with Russian President Boris Yeltsin on Security Issues","Core Tier 1 likely FRUS document","Ukraine / Nuclear Security (18); Economic Reform / Assistance (17); Iraq / Middle East (15)","Yeltsin (61); G-7 (5); Christopher (4); Kozyrev (3); Chernomyrdin (1); Gore (1)","Issue context: Ukraine / Nuclear Security, Economic Reform / Assistance, Iraq / Middle East. Authority checks: Yeltsin, G-7, Christopher, Kozyrev, Chernomyrdin, Gore. Compare same-day/nearby Public Papers for public framing.","Needs source-note review","classification marking; classified-by line not parsed; classification reason not parsed","Review fields","classification marking","Meeting with Russian President Boris Yeltsin on Security Issues (U)","April 4, 1993, 10:00 a.m. to 1:00 p.m. Pan Pacific Hotel, Vancouver, Canada","Assistant to the President for National Security Affairs Daniel Poneman, Senior Director for Nonproliferation, NSC Staff","","","Source: William J. Clinton Presidential Library, Clinton Presidential Records, Records of the National Security Council Records Management Office (Clinton Administration), NAID 7388808, Presidential Records Series (PRS) Files, NAID 7585721, NSC Records Management, OA/Box Number 145, Folder Title/Record ID 9302226, National Archives Catalog item 2014-0901-M, Memcons between President William Jefferson Clinton and President Boris Yeltsin, NAID 163545404. [Classification marking to be verified against the source PDF]. The face page identifies Assistant to the President for National Security Affairs Daniel Poneman, Senior Director for Nonproliferation, NSC Staff as notetaker. The face page gives the date/time/place as: April 4, 1993, 10:00 a.m. to 1:00 p.m. Pan Pacific Hotel, Vancouver, Canada.","19-31","19-30","19-30","2","31","0","3","0","0","0","P0 Draft spine closeout: Read the derivative PDF, verify source-note/face-page addenda, capture annotation hooks, and make the include/excerpt/background call.","https://therealjameswilson.github.io/Clinton-Russia-High-Level/public/documents/1993-04-04-clinton-yeltsin-vancouver-security-issues.pdf","https://s3.amazonaws.com/NARAprodstorage/lz/presidential-libraries/clinton/wjc-nscrm/7585721/6-YeltsinVancouver.pdf","Source: William J. Clinton Presidential Library, Clinton Presidential Records, Records of the National Security Council Records Management Office (Clinton Administration), NAID 7388808, Presidential Records Series (PRS) Files, NAID 7585721, NSC Records Management, OA/Box Number 145, Folder Title/Record ID 9302226, National Archives Catalog item 2014-0901-M, Memcons between President William Jefferson Clinton and President Boris Yeltsin, NAID 163545404."
"3","","","","","","","","","10","1993-07-10","Memcon","Tier 1 - likely core","100","9","Opening channel, Vancouver, and Tokyo","Meeting with President Boris Yeltsin of Russia, July 10, 1993, Tokyo, Japan","Core Tier 1 likely FRUS document","Ukraine / Nuclear Security (17); Iraq / Middle East (7); Economic Reform / Assistance (4)","Yeltsin (48); Christopher (6); Kozyrev (5); Talbott (4); Berger (1); Chernomyrdin (1)","Issue context: Ukraine / Nuclear Security, Iraq / Middle East, Economic Reform / Assistance. Authority checks: Yeltsin, Christopher, Kozyrev, Talbott, Berger, Chernomyrdin. Compare same-day/nearby Public Papers for public framing. Check duplicate/source-copy controls before final citation.","Needs source-note review","classified-by line not parsed; classification reason not parsed","Parsed","","Memcon with President Boris Yeltsin of Russia (U)","July 10, 1993, 7:45 - 9:15am Ambassador's Residence, Tokyo","Acting Senior Director for Russia, Ukraine and Eurasia Affairs, NSC staff","","SECRET- CLINTON LIBRARY PHOTOCOPY","Source: William J. Clinton Presidential Library, Clinton Presidential Records, Records of the National Security Council Records Management Office (Clinton Administration), NAID 7388808, Presidential Records Series (PRS) Files, NAID 7585721, Document ID 9305178, Original OA/ID 153, Mandatory Declassification Review 2014-0996-M, Declassified documents concerning Russian President Boris Yeltsin. [Classification marking to be verified against the source PDF]. The face page identifies Acting Senior Director for Russia, Ukraine and Eurasia Affairs, NSC staff as notetaker. The face page gives the date/time/place as: July 10, 1993, 7:45 - 9:15am Ambassador's Residence, Tokyo.","46-55","46-54","81-89","80","55","0","1","2","0","0","P0 Draft spine closeout: Read the derivative PDF, verify source-note/face-page addenda, capture annotation hooks, and make the include/excerpt/background call.","https://therealjameswilson.github.io/Clinton-Russia-High-Level/public/documents/1993-07-10-memcon-09.pdf","https://www.clintonlibrary.gov/sites/default/files/finding_aids_a_z/2026-05/2015-0782-M-1.pdf","Source: William J. Clinton Presidential Library, Clinton Presidential Records, Records of the National Security Council Records Management Office (Clinton Administration), NAID 7388808, Presidential Records Series (PRS) Files, NAID 7585721, Document ID 9305178, Original OA/ID 153, Mandatory Declassification Review 2014-0996-M, Declassified documents concerning Russian President Boris Yeltsin."
"4","","","","","","","","","16","1994-01-13","Memcon","Tier 1 - likely core","127","11","Ukraine, Partnership for Peace, and the 1994 balance","President's dinner with President Yeltsin, January 13/14, 1994","Core Tier 1 likely FRUS document","Iraq / Middle East (20); NATO / European Security (9); Ukraine / Nuclear Security (9)","Yeltsin (62); NATO (6); Kozyrev (4); Chernomyrdin (2); Gore (2); Christopher (1)","Issue context: Iraq / Middle East, NATO / European Security, Ukraine / Nuclear Security. Authority checks: Yeltsin, NATO, Kozyrev, Chernomyrdin, Gore, Christopher. Compare same-day/nearby Public Papers for public framing.","Needs source-note review","participants; classification marking; classified-by line not parsed; classification reason not parsed; declassify-on line not parsed","Review fields","participants; classification marking","PRESIDENT'S DINNER WITH PRESIDENT YELTSIN JANUARY 14, 1994 1. ' -S-ECReT - ENTIRE TEXT 2. THIS CABLE IS FORWARDED FOR YOUR CLEARANCE. DECLASSIFIED 3. SUMMARY: IN A SERIES OF DISCUSSIONS ABOUT PER E.0.13526 DOMESTIC AND WORLD AFFAIRS ON THE EVENING OF JANUARY I3TH. PRESIDENT YELTSIN AND PRESIDENT CLINTON ■Xo\v> • owT • ro TALKED ABOUT THE TRILATERAL AGREEMENT FOR UKRAINE AND \o/y2.ovs \xe,v4 ITS CHANCES FOR SUCCESS. THEY ALSO DISCUSSED ATTITUDES IN THE COUNTRY AMONG THE RUSSIAN PEOPLE, PRESIDENT YELTSIN'S NEW EFFORTS TO ORGANIZE THE PARLIAMENT, AND RUSSIAN INTEREST IN REDUCING ARMS TRADE WITH IRAN AND OPENING UP THE SANCTIONS REGIME AGAINST IRAQ IN AN EFFORT TO ENSURE IRAQI REPAYMENT OF A PORTION OF ITS DEBT 00 RUSSIA. THERE WAS A DISCUSSION OF MILITARY COOPERATION AS WELL AS BOSNIA. PRESIDENT CLINTON AND PRESIDENT YELTSIN BOTH DISCUSSED THE NATURE OF THE U.S.-RUSSIAN RELATIONSHIP AND THE IMPORTANCE OF THAT RELATIONSHIP TO THE FUTURE OF WORLD STABILITY AND PEACE, PARTICULARLY IN EUROPE AND IN THE CONTEXT OF THE PARTNERSHIP FOR PEACE. PRESIDENT YELTSIN SIGNALED A POSSIBLE CHANGE IN HIS CABINET, DROPPING FORMER PRIME MINISTER GAYDAR TO WORK IN THE LOWER-HOUSE OF THE NEW FEDERAL LEGISLATURE. PRESIDENT CLINTON EXPLAINED THE CONCEPT OF ENSURING A LONG TERM PEACE IN EUROPE THROUGH FRANK CONSULTATION AND STRONG AND CLOSE COOPERATION BETWEEN RUSSIA AND THE UNITED STATES, BUT WITH CARE TAKEN TO ENSURE RESPECT FOR THE INTEREST OF OTHERS. END SUMMARY. 4.THE PRESIDENT MET WITH PRESIDENT YELTSIN AT THE DACHA AT NOVA OGAREVA OUTSIDE OF MOSCOW ON JANUARY I4TH FOR A DINNER IN WHICH A NUMBER OF BUSINESS ISSUES AROSE. THIS MEMCOM RECORDS THE BUSINESS DISCUSSION. THE PRESIDENT WAS ACCOMPANIED BY SECRETARY CHRISTOPHER, SECRETARY BENSON, NATIONAL SECURITY ADVISOR LAKE, AMBASSADOR AT LARGE STROBE TALBOTT AND AMBASSADOR PICKERING. PRESIDENT YELTSIN WAS ACCOMPANIED BY PRIME MINISTER CHRNOMYRDIN, FIRST DEPUTY PRIME MINISTER SOSKOVETS, FOREIGN MINISTER KOZYREV, DEFENSE MINISTER GRACHEV AND BY HIS LEGAL ADVISOR ILLYUSHIN. 5. AFTER OPENING PLEASANTRIES, PRESIDENT CLINTON NOTED THE IMPORTANCE HE ATTACHED TO HAVING HAD A CHANCE TO SEE RUSSIAN PEOPLE ON THE STREETS OF MOSCOW. HE TOLD PRESIDENT YELTSIN THAT HE HAD PASSED ON HIS CONCERNS TO PRESIDENT YELTSIN'S ADVISORS ABOUT THE PEOPLE AND THEIR REACTIONS. 6. PRESIDENT YELTSIN CHANGED THE SUBJECT AND NOTED MRS. YELTSIN HAD CALLED HIS ATTENTION TO A WONDERFUL ARTICLE ""IZVESTIA"" NEWSPAPER HAD RUN ON PRESIDENT CLINTON. THE ARTICLE ALSO COVERED MRS. CLINTON'S ACTIVITIES. 7. PRESIDENT YELTSIN THEN RETURNED TO THE INITIAL COMMENT ABOUT PEOPLE BEING WORRIED. THEY ARE CRITICAL OF US AND THEY ARE CERTAINLY RIGHT, HE SAID. TO DO BETTER, I HAVE SENT SERGEI ALEXANDROVICH FILATOV, THE KREMLIN CHIEF-OF-STAFF, TO LEARN ABOUT YOUR SYSTEM. WE ARE TRYING TO FIND OUT ABOUT HOW TO BE MORE EFFICIENT AT OUR WORK AND TO SPREAD THE RESPONSIBILITIES TO THOSE WHO CAN CARRY THEM OUT. THE COLLABORATION BETWEEN OUR COLLKAGUES IN THE CABINET IS STRONG AND WE HAVE A STRONG CABINET.","January 13/14, 1994, Nova Ogareva, outside Moscow (source item date January 13; cable subject says January 14)","","","","Source: William J. Clinton Presidential Library, Clinton Digital Library item 101370, ""Memorandum of Conversation - President Boris Yeltsin of Russia,"" January 13, 1994, part of 2016-0117-M, Memcons - Memoranda of Conversation. Item description: ""This Memcon was received as a NSC Cable."" [Classification marking to be verified against the source PDF]. The face page gives the date/time/place as: January 13/14, 1994, Nova Ogareva, outside Moscow (source item date January 13; cable subject says January 14).","80-90","80-90","1-11","","","0","4","0","0","2","P0 Draft spine closeout: Read the derivative PDF, verify source-note/face-page addenda, capture annotation hooks, and make the include/excerpt/background call.","https://therealjameswilson.github.io/Clinton-Russia-High-Level/public/documents/clinton-standalone-1994-01-13-yeltsin-dinner-cable.pdf","https://clinton.presidentiallibraries.us/files/original/c016beef71be071cd9c96fcf0972fd57.pdf","Source: William J. Clinton Presidential Library, Clinton Digital Library item 101370, ""Memorandum of Conversation - President Boris Yeltsin of Russia,"" January 13, 1994, part of 2016-0117-M, Memcons - Memoranda of Conversation. Item description: ""This Memcon was received as a NSC Cable."""
"5","","","","","","","","","18","1994-01-14","Memcon","Tier 1 - likely core","112","8","Ukraine, Partnership for Peace, and the 1994 balance","Second Expanded Bilateral Session with President Boris Yeltsin of Russia","Core Tier 1 likely FRUS document","Arms Control / Nonproliferation (30); Iraq / Middle East (17); Ukraine / Nuclear Security (16)","Yeltsin (20); Chernomyrdin (2); Christopher (1); Gore (1); Kozyrev (1); Talbott (1)","Issue context: Arms Control / Nonproliferation, Iraq / Middle East, Ukraine / Nuclear Security. Authority checks: Yeltsin, Chernomyrdin, Christopher, Gore, Kozyrev, Talbott. Compare same-day/nearby Public Papers for public framing. Use Daily Diary row to verify timing/setting. Check duplicate/source-copy controls before final citation.","Needs source-note review","classified-by line not parsed; classification reason not parsed; declassify-on line not parsed","Parsed","","Second.ExpandeB Bilatexal Session with President Boris Yeltsin of Russia (U)","January 14, 1994, 9:35 - 11:15 a.m. St. Catherine's Hall, The Kremlin","Director for Russia, Ukraine and Eurasia Affairs, NSC Staff","","CONFIDENTIAL","Source: Department of State, FOIA Virtual Reading Room, Strobe Talbott FOIA release, case F-2017-13804, document C06694502. Confidential. The face page identifies Director for Russia, Ukraine and Eurasia Affairs, NSC Staff as notetaker. The face page gives the date/time/place as: January 14, 1994, 9:35 - 11:15 a.m. St. Catherine's Hall, The Kremlin.","94-101","94-101","State FOIA document C06694502, conversation pages 1-8","","","1","6","2","0","2","P0 Draft spine closeout: Read the derivative PDF, verify source-note/face-page addenda, capture annotation hooks, and make the include/excerpt/background call.","https://therealjameswilson.github.io/Clinton-Russia-High-Level/public/documents/1994-01-14-memcon-second-expanded-bilateral-session.pdf","https://drive.google.com/file/d/1pr42yhINujL_px_Y5aXD_MmChhc5sy9v/view","Source: Department of State, FOIA Virtual Reading Room, Strobe Talbott FOIA release, case F-2017-13804, document C06694502."
"6","","","","","","","","","28","1994-09-27","Memcon","Tier 1 - likely core","146","10","Ukraine, Partnership for Peace, and the 1994 balance","Meeting with President Boris Yeltsin of Russia, September 27, 1994, White House","Core Tier 1 likely FRUS document","Ukraine / Nuclear Security (43); Arms Control / Nonproliferation (42); Iraq / Middle East (3)","Yeltsin (31); Christopher (7); Kozyrev (6); Gore (1); Milosevic (1)","Issue context: Ukraine / Nuclear Security, Arms Control / Nonproliferation, Iraq / Middle East. Authority checks: Yeltsin, Christopher, Kozyrev, Gore, Milosevic. Compare same-day/nearby Public Papers for public framing. Check duplicate/source-copy controls before final citation.","Needs source-note review","classified-by line not parsed; classification reason not parsed","Parsed","","Expanded Session on Security Issues with President Yeltsin of the Russian Federation","September 27, 1994; 4:35-5:35pm Cabinet Room DECLASSIFIED PER E.0.13526 •CONFIDENTIAL- Declassify on: OADR 3/iyi.ol8 K6H","","","•CONFIDENTIAL-","Source: William J. Clinton Presidential Library, Clinton Presidential Records, Records of the National Security Council Records Management Office (Clinton Administration), NAID 7388808, Presidential Records Series (PRS) Files, NAID 7585721, NSC Records Management, [Yeltsin and Telcons], OA/Box Number 482, Folder Title/Record ID 9408513, Mandatory Declassification Review 2015-0782-M-1, Declassified documents concerning Russian President Boris Yeltsin. [Classification marking to be verified against the source PDF]. The face page gives the date/time/place as: September 27, 1994; 4:35-5:35pm Cabinet Room DECLASSIFIED PER E.0.13526 •CONFIDENTIAL- Declassify on: OADR 3/iyi.ol8 K6H.","134-144","134-143","251-260","245","144","0","4","1","1","0","P0 Draft spine closeout: Read the derivative PDF, verify source-note/face-page addenda, capture annotation hooks, and make the include/excerpt/background call.","https://therealjameswilson.github.io/Clinton-Russia-High-Level/public/documents/1994-09-27-clinton-yeltsin-expanded-security-session.pdf","https://www.clintonlibrary.gov/sites/default/files/finding_aids_a_z/2026-05/2015-0782-M-1.pdf","Source: William J. Clinton Presidential Library, Clinton Presidential Records, Records of the National Security Council Records Management Office (Clinton Administration), NAID 7388808, Presidential Records Series (PRS) Files, NAID 7585721, NSC Records Management, [Yeltsin and Telcons], OA/Box Number 482, Folder Title/Record ID 9408513, Mandatory Declassification Review 2015-0782-M-1, Declassified documents concerning Russian President Boris Yeltsin."
"7","","","","","","","","","34","1995-05-10","Memcon","Tier 1 - likely core","195","16","1995 summits, reform assistance, and NATO pressure","Meeting with President Boris Yeltsin of Russia, May 10, 1995, The Kremlin, Moscow, Russia","Core Tier 1 likely FRUS document","NATO / European Security (67); Iraq / Middle East (17); Ukraine / Nuclear Security (16)","NATO (41); Gore (12); Yeltsin (11); Chernomyrdin (8); Kozyrev (3); G-7 (2)","Issue context: NATO / European Security, Iraq / Middle East, Ukraine / Nuclear Security. Authority checks: NATO, Gore, Yeltsin, Chernomyrdin, Kozyrev, G-7. Compare same-day/nearby Public Papers for public framing. Use Daily Diary row to verify timing/setting.","Needs source-note review","participants; classification marking; classified-by line not parsed; classification reason not parsed; declassify-on line not parsed","Review fields","participants; classification marking","One-On-One Meeting","10:10 a.m. - 1:19 p.m.","","","","Source: William J. Clinton Presidential Library, Clinton Presidential Records, Records of the National Security Council Records Management Office (Clinton Administration), NAID 7388808, Presidential Records Series (PRS) Files, NAID 7585721, Document ID 9503774, Original OA/ID 582, Mandatory Declassification Review 2014-0904-M-Release-A, Declassified documents concerning Russia. [Classification marking to be verified against the source PDF]. The face page gives the date/time/place as: 10:10 a.m. - 1:19 p.m..","171-187","171-186","285-300","284","187","1","7","0","0","1","P0 Draft spine closeout: Read the derivative PDF, verify source-note/face-page addenda, capture annotation hooks, and make the include/excerpt/background call.","https://therealjameswilson.github.io/Clinton-Russia-High-Level/public/documents/1995-05-10-memcon-28.pdf","https://www.clintonlibrary.gov/sites/default/files/finding_aids_a_z/2026-05/2015-0782-M-1.pdf","Source: William J. Clinton Presidential Library, Clinton Presidential Records, Records of the National Security Council Records Management Office (Clinton Administration), NAID 7388808, Presidential Records Series (PRS) Files, NAID 7585721, Document ID 9503774, Original OA/ID 582, Mandatory Declassification Review 2014-0904-M-Release-A, Declassified documents concerning Russia."
"8","","","","","","","","","35","1995-06-17","Memcon","Tier 2 - strong candidate","76","8","1995 summits, reform assistance, and NATO pressure","Meeting with President Boris Yeltsin of Russia, June 17, 1995, Halifax, Nova Scotia, Canada","Tier 2 representative for Chechnya / Caucasus","NATO / European Security (18); Ukraine / Nuclear Security (9); Chechnya / Caucasus (8)","NATO (13); Yeltsin (6); Chernomyrdin (4); Gore (4); UN (3); Christopher (1)","Issue context: NATO / European Security, Ukraine / Nuclear Security, Chechnya / Caucasus. Authority checks: NATO, Yeltsin, Chernomyrdin, Gore, UN, Christopher. Compare same-day/nearby Public Papers for public framing. Check duplicate/source-copy controls before final citation.","Needs source-note review","participants; classified-by line not parsed; classification reason not parsed; declassify-on line not parsed","Review fields","participants","Cl'inton-Yeltsin Meeting","June 17, 1995, Halifax, Nova Scotia, Canada","","","UNCLASSIFIED U.S. Department of State Case No. F-2017-13804 Doc No. C06835181 Date: 12/28/2020","Source: Department of State, FOIA Virtual Reading Room, Strobe Talbott FOIA release, case F-2017-13804, document C06835181. [Classification marking to be verified against the source PDF]. The face page gives the date/time/place as: June 17, 1995, Halifax, Nova Scotia, Canada.","188-195","188-195","Strobe FOIA document C06835181, conversation pages 1-8","","","0","1","1","2","1","P1 Draft spine closeout: Read the derivative PDF, verify source-note/face-page addenda, capture annotation hooks, and make the include/excerpt/background call.","https://therealjameswilson.github.io/Clinton-Russia-High-Level/public/documents/1995-06-17-memcon-29.pdf","https://therealjameswilson.github.io/strobe-talbott-foia/manifest.html","Source: Department of State, FOIA Virtual Reading Room, Strobe Talbott FOIA release, case F-2017-13804, document C06835181."
"9","","","","","","","","","38","1995-10-23","Memcon","Tier 2 - strong candidate","97","12","1995 summits, reform assistance, and NATO pressure","Clinton-Yeltsin One-on-One","Phase-balance anchor: 1995 summits, reform assistance, and NATO pressure has one Tier 1 document","NATO / European Security (21); Ukraine / Nuclear Security (7); Arms Control / Nonproliferation (5)","NATO (18); Yeltsin (15); Gore (5); Chernomyrdin (4); Tudjman (4); Milosevic (2)","Issue context: NATO / European Security, Ukraine / Nuclear Security, Arms Control / Nonproliferation. Authority checks: NATO, Yeltsin, Gore, Chernomyrdin, Tudjman, Milosevic. Compare same-day/nearby Public Papers for public framing. Check duplicate/source-copy controls before final citation.","Needs source-note review","participants; classification marking; classified-by line not parsed; classification reason not parsed; declassify-on line not parsed","Review fields","participants; classification marking","Clinton-Yeltsin One-on-One","11:30 a.m.-1:35 p.m.","","","","Source: William J. Clinton Presidential Library, Clinton Presidential Records, Records of the National Security Council Records Management Office (Clinton Administration), NAID 7388808, Presidential Records Series (PRS) Files, NAID 7585721, NSC Records Management, [Yeltsin], OA/Box Number 43319, Folder Title/Record ID 9507853, National Archives Catalog item 2014-0948-M, Memcon between President William Jefferson Clinton and President Boris Yeltsin, NAID 163545436. [Classification marking to be verified against the source PDF]. The face page gives the date/time/place as: 11:30 a.m.-1:35 p.m..","206-218","206-217","5-16","2","218","0","2","1","5","0","P1 Draft spine closeout: Read the derivative PDF, verify source-note/face-page addenda, capture annotation hooks, and make the include/excerpt/background call.","https://therealjameswilson.github.io/Clinton-Russia-High-Level/public/documents/1995-10-23-clinton-yeltsin-hyde-park-one-on-one.pdf","https://s3.amazonaws.com/NARAprodstorage/lz/presidential-libraries/clinton/wjc-nscrm/7585721/7-YeltsinHydePark.pdf","Source: William J. Clinton Presidential Library, Clinton Presidential Records, Records of the National Security Council Records Management Office (Clinton Administration), NAID 7388808, Presidential Records Series (PRS) Files, NAID 7585721, NSC Records Management, [Yeltsin], OA/Box Number 43319, Folder Title/Record ID 9507853, National Archives Catalog item 2014-0948-M, Memcon between President William Jefferson Clinton and President Boris Yeltsin, NAID 163545436."
"10","","","","","","","","","45","1996-04-21","Memcon","Tier 2 - strong candidate","79","7","1996 election and enlargement management","Luncheon Meeting with Russian President Boris Yeltsin","Phase-continuity anchor: 1996 election and enlargement management has no Tier 1 document","Economic Reform / Assistance (17); Russian Politics / Elections (11); Arms Control / Nonproliferation (3)","Yeltsin (18); G-7 (11); Zyuganov (3); Berger (1); Ivanov (1); Talbott (1)","Issue context: Economic Reform / Assistance, Russian Politics / Elections, Arms Control / Nonproliferation. Authority checks: Yeltsin, G-7, Zyuganov, Berger, Ivanov, Talbott. Compare same-day/nearby Public Papers for public framing. Check duplicate/source-copy controls before final citation.","Parsed face-page fields available","","Parsed","","Luncheon Meeting with Russian President Boris Yeltsin (U)","April 21, 1996, 12:50 -- 2:15 p.m. The Kremlin","Ambassador-at-Large to the New Independent States Ashton Carter, Assistant Secretary of Defense Coit Blacker, NSC","","SEGRS¥- 2963","Source: William J. Clinton Presidential Library, Clinton Presidential Records, Records of the National Security Council Records Management Office (Clinton Administration), NAID 7388808, Presidential Records Series (PRS) Files, NAID 7585721, NSC Records Management, [Yeltsin and Telcons], OA/Box Number 1100, Folder Title/Record ID 9602963, Mandatory Declassification Review 2015-0782-M-2, Declassified documents concerning Russian President Boris Yeltsin. [Classification marking to be verified against the source PDF]. The face page identifies Ambassador-at-Large to the New Independent States Ashton Carter, Assistant Secretary of Defense Coit Blacker, NSC as notetaker. The face page gives the date/time/place as: April 21, 1996, 12:50 -- 2:15 p.m. The Kremlin.","261-268","261-267","7-13","2","268","0","4","1","1","0","P1 Draft spine closeout: Read the derivative PDF, verify source-note/face-page addenda, capture annotation hooks, and make the include/excerpt/background call.","https://therealjameswilson.github.io/Clinton-Russia-High-Level/public/documents/1996-04-21-memcon-moscow-luncheon.pdf","https://www.clintonlibrary.gov/sites/default/files/finding_aids_a_z/2026-01/2015-0782-M-2.pdf","Source: William J. Clinton Presidential Library, Clinton Presidential Records, Records of the National Security Council Records Management Office (Clinton Administration), NAID 7388808, Presidential Records Series (PRS) Files, NAID 7585721, NSC Records Management, [Yeltsin and Telcons], OA/Box Number 1100, Folder Title/Record ID 9602963, Mandatory Declassification Review 2015-0782-M-2, Declassified documents concerning Russian President Boris Yeltsin."
"11","","","","","","","","","52","1997-03-21","Memcon","Tier 1 - likely core","190","11","1997 Helsinki, Founding Act, and Denver","Helsinki Morning Meeting with President Boris Yeltsin","Core Tier 1 likely FRUS document","NATO / European Security (46); Arms Control / Nonproliferation (43); Ukraine / Nuclear Security (12)","NATO (38); Yeltsin (17); Primakov (7); Albright (3); Berger (1); Talbott (1)","Issue context: NATO / European Security, Arms Control / Nonproliferation, Ukraine / Nuclear Security. Authority checks: NATO, Yeltsin, Primakov, Albright, Berger, Talbott. Compare same-day/nearby Public Papers for public framing. Check duplicate/source-copy controls before final citation.","Needs source-note review","classified-by line not parsed","Parsed","","Morning Meeting with Russian President Yeltsin: NATO-Russia, START, ABM/TMD (Jt)","March 21, 1997, 9:50-11:55 a.m. The Finnish President's Residence, Helsinki","","","COMF1 DENT I7YE- 2044","Source: William J. Clinton Presidential Library, Clinton Presidential Records, Records of the National Security Council Records Management Office (Clinton Administration), NAID 7388808, Presidential Records Series (PRS) Files, NAID 7585721, NSC Records Management, [Yeltsin and Telcons], OA/Box Number 1609, Folder Title/Record ID 9702044, Mandatory Declassification Review 2015-0782-M-2, Declassified documents concerning Russian President Boris Yeltsin. [Classification marking to be verified against the source PDF]. The face page gives the date/time/place as: March 21, 1997, 9:50-11:55 a.m. The Finnish President's Residence, Helsinki.","292-303","292-302","105-115","97","303","0","8","1","1","1","P0 Draft spine closeout: Read the derivative PDF, verify source-note/face-page addenda, capture annotation hooks, and make the include/excerpt/background call.","https://therealjameswilson.github.io/Clinton-Russia-High-Level/public/documents/1997-03-21-memcon-helsinki-morning.pdf","https://www.clintonlibrary.gov/sites/default/files/finding_aids_a_z/2026-01/2015-0782-M-2.pdf","Source: William J. Clinton Presidential Library, Clinton Presidential Records, Records of the National Security Council Records Management Office (Clinton Administration), NAID 7388808, Presidential Records Series (PRS) Files, NAID 7585721, NSC Records Management, [Yeltsin and Telcons], OA/Box Number 1609, Folder Title/Record ID 9702044, Mandatory Declassification Review 2015-0782-M-2, Declassified documents concerning Russian President Boris Yeltsin."
"12","","","","","","","","","56","1997-05-27","Memcon","Tier 1 - likely core","117","8","1997 Helsinki, Founding Act, and Denver","Meeting with President Boris Yeltsin of Russia, May 27, 1997, Paris, France","Core Tier 1 likely FRUS document","NATO / European Security (29); Arms Control / Nonproliferation (10); Iraq / Middle East (7)","Yeltsin (31); Primakov (11); NATO (10); Albright (6); Berger (4); Talbott (4)","Issue context: NATO / European Security, Arms Control / Nonproliferation, Iraq / Middle East. Authority checks: Yeltsin, Primakov, NATO, Albright, Berger, Talbott. Compare same-day/nearby Public Papers for public framing. Check duplicate/source-copy controls before final citation.","Needs source-note review","classified-by line not parsed","Parsed","","Meeting with Russian President Yeltsin: NATQ-Russi.a, Arms Control, Economics, Denver Summit of the Eight, Afghanistan, Iran","May 27, 1997, 5:00-5:55 p.m. The American Ambassador's Residence, Paris","Assistant to the President for National Security Affairs Strobe Talbott, Deputy Secretary of State Steve Pifer, NSC staff","","CONFIDENTIAL DECIASSIFIED IN PART","Source: William J. Clinton Presidential Library, Clinton Presidential Records, Records of the National Security Council Records Management Office (Clinton Administration), NAID 7388808, Presidential Records Series (PRS) Files, NAID 7585721, NSC Records Management, [Yeltsin and Telcons], OA/Box Number 1623, Folder Title/Record ID 9703720, Mandatory Declassification Review 2015-0782-M-2, Declassified documents concerning Russian President Boris Yeltsin. [Classification marking to be verified against the source PDF]. The face page identifies Assistant to the President for National Security Affairs Strobe Talbott, Deputy Secretary of State Steve Pifer, NSC staff as notetaker. The face page gives the date/time/place as: May 27, 1997, 5:00-5:55 p.m. The American Ambassador's Residence, Paris.","325-333","325-332","143-150","137","333","0","1","1","0","0","P0 Draft spine closeout: Read the derivative PDF, verify source-note/face-page addenda, capture annotation hooks, and make the include/excerpt/background call.","https://therealjameswilson.github.io/Clinton-Russia-High-Level/public/documents/1997-05-27-memcon-45.pdf","https://www.clintonlibrary.gov/sites/default/files/finding_aids_a_z/2026-01/2015-0782-M-2.pdf","Source: William J. Clinton Presidential Library, Clinton Presidential Records, Records of the National Security Council Records Management Office (Clinton Administration), NAID 7388808, Presidential Records Series (PRS) Files, NAID 7585721, NSC Records Management, [Yeltsin and Telcons], OA/Box Number 1623, Folder Title/Record ID 9703720, Mandatory Declassification Review 2015-0782-M-2, Declassified documents concerning Russian President Boris Yeltsin."
"13","","","","","","","","","57","1997-06-20","Memcon","Tier 1 - likely core","105","8","1997 Helsinki, Founding Act, and Denver","Meeting with President Boris Yeltsin of Russia, June 20, 1997, Denver, Colorado","Core Tier 1 likely FRUS document","NATO / European Security (14); Iraq / Middle East (13); Arms Control / Nonproliferation (11)","Yeltsin (31); Primakov (7); Albright (5); NATO (4); UN (4); Berger (3)","Issue context: NATO / European Security, Iraq / Middle East, Arms Control / Nonproliferation. Authority checks: Yeltsin, Primakov, Albright, NATO, UN, Berger. Compare same-day/nearby Public Papers for public framing. Check duplicate/source-copy controls before final citation.","Needs source-note review","classification marking","Review fields","classification marking","Meeting with Russian President Yeltsin: European Security and Madrid, Arms Control, Economics, Iraq, Russian-Iran Missile Cooperation, Japanese-Russian Relations [yf","June 20, 1997, 1:05-2:05 p.m. The Gold Room, The Brown Palace, Denver (The meeting opened with ten minutes of press pool sprays.) ■SECR-S-I^ Classified by: Glyn T. Davies DECLASSIFIED Reason: 1.5 (d) PER E.0.13526 lP- cOJty^DoS -IW-I Declassify on: X6 6/20/17 o5f'Xh/'i£>\l»","Ambassador for the NIS Steve Pifer, Senior Director, NSC","","","Source: William J. Clinton Presidential Library, Clinton Presidential Records, Records of the National Security Council Records Management Office (Clinton Administration), NAID 7388808, Presidential Records Series (PRS) Files, NAID 7585721, NSC Records Management, [Yeltsin and Telcons], OA/Box Number 1629, Folder Title/Record ID 9704607, Mandatory Declassification Review 2015-0782-M-2, Declassified documents concerning Russian President Boris Yeltsin. [Classification marking to be verified against the source PDF]. The face page identifies Ambassador for the NIS Steve Pifer, Senior Director, NSC as notetaker. The face page gives the date/time/place as: June 20, 1997, 1:05-2:05 p.m. The Gold Room, The Brown Palace, Denver (The meeting opened with ten minutes of press pool sprays.) ■SECR-S-I^ Classified by: Glyn T. Davies DECLASSIFIED Reason: 1.5 (d) PER E.0.13526 lP- cOJty^DoS -IW-I Declassify on: X6 6/20/17 o5f'Xh/'i£>\l».","334-342","334-341","165-172","158","342","0","5","1","0","0","P0 Draft spine closeout: Read the derivative PDF, verify source-note/face-page addenda, capture annotation hooks, and make the include/excerpt/background call.","https://therealjameswilson.github.io/Clinton-Russia-High-Level/public/documents/1997-06-20-memcon-46.pdf","https://www.clintonlibrary.gov/sites/default/files/finding_aids_a_z/2026-01/2015-0782-M-2.pdf","Source: William J. Clinton Presidential Library, Clinton Presidential Records, Records of the National Security Council Records Management Office (Clinton Administration), NAID 7388808, Presidential Records Series (PRS) Files, NAID 7585721, NSC Records Management, [Yeltsin and Telcons], OA/Box Number 1629, Folder Title/Record ID 9704607, Mandatory Declassification Review 2015-0782-M-2, Declassified documents concerning Russian President Boris Yeltsin."
"14","","","","","","","","","68","1998-06-15","Telcon","Tier 2 - strong candidate","83","5","1998 financial crisis and succession uncertainty","Telephone call with President Boris Yeltsin of Russia, June 15, 1998, White House","Phase-continuity anchor: 1998 financial crisis and succession uncertainty has no Tier 1 document","Kosovo / Balkans (25); NATO / European Security (7); Arms Control / Nonproliferation (4)","Yeltsin (13); Milosevic (12); NATO (7); Primakov (3); IMF (2); UN (2)","Issue context: Kosovo / Balkans, NATO / European Security, Arms Control / Nonproliferation. Authority checks: Yeltsin, Milosevic, NATO, Primakov, IMF, UN. Use Daily Diary row to verify timing/setting. Check duplicate/source-copy controls before final citation.","Needs source-note review","classification marking","Review fields","classification marking","Telephone Conversation with Russian President Boris Yeltsin","June 15, 1998, 1:21 p.m, - 1:57 p.m. EDT, Oval Office","Bob Ford, Cindy Lawrence, Andrew Weiss","Kyrill Borissow","","Source: William J. Clinton Presidential Library, Clinton Presidential Records, Records of the National Security Council Records Management Office (Clinton Administration), NAID 7388808, Presidential Records Series (PRS) Files, NAID 7585721, NSC Records Management, [Yeltsin and Telcons], OA/Box Number 2045, Folder Title/Record ID 9804474, Mandatory Declassification Review 2015-0782-M-2, Declassified documents concerning Russian President Boris Yeltsin. [Classification marking to be verified against the source PDF]. The face page identifies Bob Ford, Cindy Lawrence, Andrew Weiss as notetaker. The face page identifies Kyrill Borissow as interpreter. The face page gives the date/time/place as: June 15, 1998, 1:21 p.m, - 1:57 p.m. EDT, Oval Office.","401-406","401-405","342-346","336","406","1","0","1","0","1","P1 Draft spine closeout: Read the derivative PDF, verify source-note/face-page addenda, capture annotation hooks, and make the include/excerpt/background call.","https://therealjameswilson.github.io/Clinton-Russia-High-Level/public/documents/1998-06-15-telcon-57.pdf","https://www.clintonlibrary.gov/sites/default/files/finding_aids_a_z/2026-01/2015-0782-M-2.pdf","Source: William J. Clinton Presidential Library, Clinton Presidential Records, Records of the National Security Council Records Management Office (Clinton Administration), NAID 7388808, Presidential Records Series (PRS) Files, NAID 7585721, NSC Records Management, [Yeltsin and Telcons], OA/Box Number 2045, Folder Title/Record ID 9804474, Mandatory Declassification Review 2015-0782-M-2, Declassified documents concerning Russian President Boris Yeltsin."
"15","","","","","","","","","80","1999-04-25","Telcon","Tier 1 - likely core","215","12","1999 Kosovo, arms control, and transfer of power","Telephone call with President Boris Yeltsin of Russia, April 25, 1999, Washington, D.C.","Core Tier 1 likely FRUS document","Kosovo / Balkans (48); NATO / European Security (12); Economic Reform / Assistance (7)","Yeltsin (34); Chernomyrdin (32); Gore (29); Milosevic (27); NATO (12); Talbott (6)","Issue context: Kosovo / Balkans, NATO / European Security, Economic Reform / Assistance. Authority checks: Yeltsin, Chernomyrdin, Gore, Milosevic, NATO, Talbott. Use Daily Diary row to verify timing/setting. Check duplicate/source-copy controls before final citation.","Parsed face-page fields available","","Parsed","","Telephone Conversation with Russian President Yeltsin ^","April 25, 1999, 10:35 - 11:58 a.m. EDT, NATO Summit Trip Building","George Chastain, Doug Bailey, Frank Jarosinski, Joel Schrader, Andrew Weiss","Yuriy Shkeyrov,","■■SEGR.ETL","Source: William J. Clinton Presidential Library, Clinton Presidential Records, Records of the National Security Council Records Management Office (Clinton Administration), NAID 7388808, Presidential Records Series (PRS) Files, NAID 7585721, Document ID 9903106, Original OA/ID 2725, Mandatory Declassification Review 2014-0546-M, Declassified documents concerning Russian President Boris Yeltsin and Kosovo. [Classification marking to be verified against the source PDF]. The face page identifies George Chastain, Doug Bailey, Frank Jarosinski, Joel Schrader, Andrew Weiss as notetaker. The face page identifies Yuriy Shkeyrov, as interpreter. The face page gives the date/time/place as: April 25, 1999, 10:35 - 11:58 a.m. EDT, NATO Summit Trip Building.","453-465","453-464","445-456","444","465","1","0","1","1","0","P0 Draft spine closeout: Read the derivative PDF, verify source-note/face-page addenda, capture annotation hooks, and make the include/excerpt/background call.","https://therealjameswilson.github.io/Clinton-Russia-High-Level/public/documents/1999-04-25-telcon-70.pdf","https://www.clintonlibrary.gov/sites/default/files/finding_aids_a_z/2026-01/2015-0782-M-2.pdf","Source: William J. Clinton Presidential Library, Clinton Presidential Records, Records of the National Security Council Records Management Office (Clinton Administration), NAID 7388808, Presidential Records Series (PRS) Files, NAID 7585721, Document ID 9903106, Original OA/ID 2725, Mandatory Declassification Review 2014-0546-M, Declassified documents concerning Russian President Boris Yeltsin and Kosovo."
"16","","","","","","","","","87","1999-06-20","Memcon","Tier 1 - likely core","142","9","1999 Kosovo, arms control, and transfer of power","Meeting with President Boris Yeltsin of Russia, June 20, 1999, Cologne, Germany","Core Tier 1 likely FRUS document","Arms Control / Nonproliferation (38); Kosovo / Balkans (13); Economic Reform / Assistance (7)","Yeltsin (41); Ivanov (10); UN (6); Gore (5); Albright (3); Talbott (3)","Issue context: Arms Control / Nonproliferation, Kosovo / Balkans, Economic Reform / Assistance. Authority checks: Yeltsin, Ivanov, UN, Gore, Albright, Talbott. Compare same-day/nearby Public Papers for public framing. Use Daily Diary row to verify timing/setting. Check duplicate/source-copy controls before final citation.","Needs source-note review","classification marking","Review fields","classification marking","MEMORANDUM OF CONVERSATION","June 20, 1999, 1:00 - 2:00 p.m. Renaissance Hotel (Russians Host), Cologne, Germany","Carlos Pascual","Peter Afanasenko","","Source: William J. Clinton Presidential Library, Clinton Presidential Records, Records of the National Security Council Records Management Office (Clinton Administration), NAID 7388808, Presidential Records Series (PRS) Files, NAID 7585721, NSC Records Management, [Yeltsin and Telcons], OA/Box Number 2736, Folder Title/Record ID 9904842, Mandatory Declassification Review 2015-0782-M-2, Declassified documents concerning Russian President Boris Yeltsin. [Classification marking to be verified against the source PDF]. The face page identifies Carlos Pascual as notetaker. The face page identifies Peter Afanasenko as interpreter. The face page gives the date/time/place as: June 20, 1999, 1:00 - 2:00 p.m. Renaissance Hotel (Russians Host), Cologne, Germany.","494-503","494-502","497-505","491","503","1","5","1","0","0","P0 Draft spine closeout: Read the derivative PDF, verify source-note/face-page addenda, capture annotation hooks, and make the include/excerpt/background call.","https://therealjameswilson.github.io/Clinton-Russia-High-Level/public/documents/1999-06-20-memcon-77.pdf","https://www.clintonlibrary.gov/sites/default/files/finding_aids_a_z/2026-01/2015-0782-M-2.pdf","Source: William J. Clinton Presidential Library, Clinton Presidential Records, Records of the National Security Council Records Management Office (Clinton Administration), NAID 7388808, Presidential Records Series (PRS) Files, NAID 7585721, NSC Records Management, [Yeltsin and Telcons], OA/Box Number 2736, Folder Title/Record ID 9904842, Mandatory Declassification Review 2015-0782-M-2, Declassified documents concerning Russian President Boris Yeltsin."
