sequence,date,type,reviewStatus,missingFields,title,subject,participantsBlock,notetaker,interpreter,dateTimePlace,classificationMarking,classifiedBy,reason,declassifyOn,declassifiedBy,packetPages,sourcePdfPages,pdfUrl,sourcePacketUrl
"1","1993-01-23","Telcon","Parsed","","Telephone call with President Boris Yeltsin of Russia, January 23, 1993, White House","Telcon with President Boris Yeltsin of Russia on January 23, 1993 (U)","The President President Boris Yeltsin Interpreter: Dmitri Zarechnak Notetaker: Nicholas Burns, NSC staff","Nicholas Burns, NSC staff","Dmitri Zarechnak","January 23, 1993, 10:45 - 11:17am Oval Office","5ECRB?- PER E.0.13526.","","","OADR ^015-078a-0 )","DECLASSIFIED | 5ECRB?- PER E.0.13526. | Declassify on: OADR ^015-078a-0 )","1-4","9-11","https://therealjameswilson.github.io/Clinton-Russia-High-Level/public/documents/1993-01-23-telcon-01.pdf","https://www.clintonlibrary.gov/sites/default/files/finding_aids_a_z/2026-05/2015-0782-M-1.pdf"
"2","1993-02-10","Telcon","Parsed","","Telephone call with President Boris Yeltsin of Russia, February 10, 1993, White House","Telephone Conversation with Russian President Boris Yeltsin (U)","The President President Boris Yeltsin Interpreter: Dmitri Zarechnak Notetaker: Nicholas Burns","Nicholas Burns","Dmitri Zarechnak","February 10, 1993, 1:51 - 2:14pm Oval Office","SECRET -E.0.13S26,Stc. 3.5","","","","DECLASSIFIED | PER E.0.13526 ^. | Declassifv on: OADR _O Wttite-HouEBCiptiaik","5-8","19-21","https://therealjameswilson.github.io/Clinton-Russia-High-Level/public/documents/1993-02-10-telcon-02.pdf","https://www.clintonlibrary.gov/sites/default/files/finding_aids_a_z/2026-05/2015-0782-M-1.pdf"
"3","1993-04-03","Memcon","Review fields","classification marking","Working Dinner with President Boris Yeltsin","Working Dinner with President Boris Yeltsin (U)","The President Warren Christopher, Secretary of State Lloyd Bentsen, Secretary of Treasury Mack McLarty, Chief of Staff George Stephanopoulos, Assistant to the President and Director of Communications Anthony Lake, Assistant to the President for National Security Affairs Samuel Berger, Deputy Assistant to the President for National Security Affairs Thomas Pickering, Ambassador-Designate to Russia Toby T. Gati, Special Assistant to the President for National Security Affairs Nicholas Burns, Director for Russian, Ukrainian and Eurasian Affairs, NSC Staff Rose Gottemoeller, Director for Russian, Ukrainian and Eurasian Affairs, NSC Staff (Notetaker) Boris Yeltsin, President Boris Fedorov, Finance Minister Andrei Kozyrev, Foreign Minister Alexander Shokhin, Deputy Prime Minister Viktor Ilyushin, Chief Assistant to the President Vladimir Lukin, Russian Ambassador to the US Dmitri Ryurikov, Assistant to the President Georgy Mamedov, Deputy Foreign Minister Vyacheslov Kostikov, Press Secretary","Director for Russian, Ukrainian and Eurasian Affairs, NSC Staff","","April 3, 1993, 6:30 - 8:30pm Vancouver, Canada (Both Presidents opened the dinner by giving prepared toasts)","","","","OADR","DECLASSIFIED | PER E.0.13526 | Declassify on: OADR","9-18","9-17","https://therealjameswilson.github.io/Clinton-Russia-High-Level/public/documents/1993-04-03-clinton-yeltsin-vancouver-working-dinner.pdf","https://s3.amazonaws.com/NARAprodstorage/lz/presidential-libraries/clinton/wjc-nscrm/7585721/6-YeltsinVancouver.pdf"
"4","1993-04-04","Memcon","Review fields","classification marking","Meeting with Russian President Boris Yeltsin on Security Issues","Meeting with Russian President Boris Yeltsin on Security Issues (U)","The President Warren Christopher, Secretary of State Lloyd Bentsen, Secretary of the Treasury George Stephanopolous, Assistant to the President and Director of Communications Strobe Talbott, Ambassador-at-Large and Special Advisor to the Secretary of State Anthony Lake, Advisor to the President for National Security Affairs Thomas Pickering, Ambassador-designate to Russia Toby T. Gati, Assistant to the President for National Security Affairs Daniel Poneman, Senior Director for Nonproliferation, NSC Staff (Notetaker) Rose Gottemoeller, Director for Russian, Ukrainian and Eurasian Affairs, NSC Staff (Notetaker) Boris Yeltsin, President Boris Fedorov, Finance Minister Andrei Kozyrev, Foreign Minister Alexander Shokhin, Deputy Prime Minister Dmitri Ryurikov, Assistant to the President Georgy Mamedov, Deputy Foreign Minister Viktor Mikhailov, Minister for Atomic Energy Vladimir Lukin, Russian Ambassador to the US Vyacheslov Kostikov, Press Secretary","Assistant to the President for National Security Affairs Daniel Poneman, Senior Director for Nonproliferation, NSC Staff","","April 4, 1993, 10:00 a.m. to 1:00 p.m. Pan Pacific Hotel, Vancouver, Canada","","","","OADR DECLASSIFIED","Declassify on: OADR DECLASSIFIED | OC.'uTx PER E.0.13526 ^.","19-31","19-30","https://therealjameswilson.github.io/Clinton-Russia-High-Level/public/documents/1993-04-04-clinton-yeltsin-vancouver-security-issues.pdf","https://s3.amazonaws.com/NARAprodstorage/lz/presidential-libraries/clinton/wjc-nscrm/7585721/6-YeltsinVancouver.pdf"
"5","1993-04-26","Telcon","Review fields","classification marking","Telephone call with President Boris Yeltsin of Russia, April 26, 1993, White House","Telcon with President Yeltsin of Russia","The President President Boris Yeltsin Interpreter: Peter Afanasenko Notetaker: Beth Banner","Beth Banner","Peter Afanasenko","April 26, 1993, 1:50 - 1:58pm Residence","","","","OADR PER -E.0.13526^..","DECLASSIFIED | Declassify on: OADR PER -E.0.13526^..","32-34","51-52","https://therealjameswilson.github.io/Clinton-Russia-High-Level/public/documents/1993-04-26-telcon-05.pdf","https://www.clintonlibrary.gov/sites/default/files/finding_aids_a_z/2026-05/2015-0782-M-1.pdf"
"6","1993-05-02","Telcon","Review fields","classification marking","Telephone call with President Boris Yeltsin of Russia, May 2, 1993, White House","Telcon with President Boris Yeltsin of Russia (U)","The President President Boris Yeltsin of Russia Interpreter: Dmitri Zarechnak Notetaker: Nicholas Burns","Nicholas Burns","Dmitri Zarechnak","May 2, 1993, 8:45 - 8:51am The Residence","","","","OADR PER E.0.13526,","GECRBT- DECLASSIFIED | Declassify on: OADR PER E.0.13526,","35-37","60-61","https://therealjameswilson.github.io/Clinton-Russia-High-Level/public/documents/1993-05-02-telcon-06.pdf","https://www.clintonlibrary.gov/sites/default/files/finding_aids_a_z/2026-05/2015-0782-M-1.pdf"
"7","1993-05-10","Telcon","Parsed","","Telephone call with President Boris Yeltsin of Russia, May 10, 1993, White House","Telcon With President Boris Yeltsin of Russia (U)","The President President Boris Yeltsin of Russia Interpreter: Dmitriy Zarechnak Notetaker: Christine Potts","Christine Potts","Dmitriy Zarechnak","May 10, 1993, 8:12 - 8:19am The Oval Office President Clinton: Hello, Boris. Good morning. (U)",".SECRET","","","OADR","DECLASSIFIED | PER E.0.13526, | Declassify on: OADR","38-40","68-69","https://therealjameswilson.github.io/Clinton-Russia-High-Level/public/documents/1993-05-10-telcon-07.pdf","https://www.clintonlibrary.gov/sites/default/files/finding_aids_a_z/2026-05/2015-0782-M-1.pdf"
"8","1993-06-28","Telcon","Review fields","classification marking","Telephone call with President Boris Yeltsin of Russia, June 28, 1993, White House","Telcon with President Boris Yeltsin of the Russian Federation (U)","The President President Boris Yeltsin Interpreter: Demitry Zarechnak Notetaker: Beth Banner","Beth Banner","Demitry Zarechnak","28 June 1993, 1:05 - 1:33pm Oval Office President Clinton: Hello. (U)","","","","OADR","DECLASSMED | PER E.0.13526. | Declassify on: OADR","41-45","76-79","https://therealjameswilson.github.io/Clinton-Russia-High-Level/public/documents/1993-06-28-telcon-08.pdf","https://www.clintonlibrary.gov/sites/default/files/finding_aids_a_z/2026-05/2015-0782-M-1.pdf"
"9","1993-07-10","Memcon","Parsed","","Meeting with President Boris Yeltsin of Russia, July 10, 1993, Tokyo, Japan","Memcon with President Boris Yeltsin of Russia (U)","The President Warren Christopher, Secretary of State Lloyd Bentsen, Secretary of the Treasury Samuel Berger, Deputy Assistant to the President for National Security Affairs Strobe Talbott, Ambassador at Large and Special Adviser to the Secretary on the New Independent States Nicholas Burns, Acting Senior Director for Russia, Ukraine and Eurasia Affairs, NSC staff (notetaker) President Boris Yeltsin Andrei Kozyrev, Minister of Foreign Affairs Boris Federov, Minister of Finance Viktor Ilyushin, First Assistant to President Yeltsin Dmitri Ryurikov, Assistant to President Yeltsin Sergey Glaziev, Minister of Foreign Economic Trade (Notetaker)","Acting Senior Director for Russia, Ukraine and Eurasia Affairs, NSC staff","","July 10, 1993, 7:45 - 9:15am Ambassador's Residence, Tokyo","SECRET- CLINTON LIBRARY PHOTOCOPY","","","OADR","DECLASSIFIED | PER E.0.13526. | Declassify on: OADR","46-55","81-89","https://therealjameswilson.github.io/Clinton-Russia-High-Level/public/documents/1993-07-10-memcon-09.pdf","https://www.clintonlibrary.gov/sites/default/files/finding_aids_a_z/2026-05/2015-0782-M-1.pdf"
"10","1993-09-07","Telcon","Parsed","","Telephone call with President Boris Yeltsin of Russia, September 7, 1993, White House","Telcon with President Boris Yeltsin of the Russian Federation (U)","The President President Yeltsin Interpreter: Demitry Zarechnak Notetaker: Beth Banner","Beth Banner","Demitry Zarechnak","September 7, 1993, 11:40am - 12:10pm Oval Office","-SEGREf^","","","","DECLASSIFIED | PER E.0.13526 | Declassify on; OADR","56-60","95-98","https://therealjameswilson.github.io/Clinton-Russia-High-Level/public/documents/1993-09-07-telcon-10.pdf","https://www.clintonlibrary.gov/sites/default/files/finding_aids_a_z/2026-05/2015-0782-M-1.pdf"
"11","1993-09-21","Telcon","Parsed","","Telephone call with President Boris Yeltsin of Russia, September 21, 1993, White House","Telcon with President Boris Yeltsin of Russian Federation (U)","The President President Yeltsin Interpreter: Demitry Zarechnak Notetakers: John Beyrle and Rose Gottemoeller","John Beyrle and Rose Gottemoeller","Demitry Zarechnak","September 21, 1993, 3:56 - 4:13pm White House Residence (President's Study)","-SECRET","","","OADR.QETr“0 r’T’","DECLASSIFIED | PER E.0.13526 | Declassify on: OADR.QETr“0 r’T’","61-64","107-109","https://therealjameswilson.github.io/Clinton-Russia-High-Level/public/documents/1993-09-21-telcon-11.pdf","https://www.clintonlibrary.gov/sites/default/files/finding_aids_a_z/2026-05/2015-0782-M-1.pdf"
"12","1993-10-05","Telcon","Parsed","","Telephone call with President Boris Yeltsin of Russia, October 5, 1993, Air Force One","Telcon with President Boris Yeltsin of Russian Federation (U)","The President President Boris Yeltsin Interpreter: Dmitriy Zarechnak Notetaker: John Beyrle","John Beyrle","Dmitriy Zarechnak","October 5, 1993, 1:42 - 2:02pm Air Force One","SECRET","","","OADR","DECLASSIFIED | PER E.0.13526 | Declassify on: OADR","65-68","119-121","https://therealjameswilson.github.io/Clinton-Russia-High-Level/public/documents/1993-10-05-telcon-12.pdf","https://www.clintonlibrary.gov/sites/default/files/finding_aids_a_z/2026-05/2015-0782-M-1.pdf"
"13","1993-12-22","Telcon","Parsed","","Telephone call with President Boris Yeltsin of Russia, December 22, 1993, White House","Telcon with President Boris Yeltsin of the Russian Federation (U)","The President President Yeltsin Interpreter: Dmitriy Zarechnak Notetaker: John Beyrle","John Beyrle","Dmitriy Zarechnak","December 22, 1993 9:10 - 9:40 am Oval Office","^SECRET SECRET 9998","","","OADR","DECLASSIFIED | Declassify on: OADR","69-73","142-145","https://therealjameswilson.github.io/Clinton-Russia-High-Level/public/documents/1993-12-22-telcon-13.pdf","https://www.clintonlibrary.gov/sites/default/files/finding_aids_a_z/2026-05/2015-0782-M-1.pdf"
"14","1994-01-13","Memcon","Parsed","","One-on-One Meeting with President Boris Yeltsin of Russia","One-on-One Meeting with President Boris Yeltsin of Russia (U)","The President Dimitry Zarechnak (Interpreter and notetaker) Boris Yeltsin, President of Russian Federation Intrepreter","","","January 13, 1994, 9:00 - 9:45am The Kremlin","SECnB¥ ^SEGREF 0513","","","OADR","DECLASSIFIED | PER E.0.13526. | Declassify on: OADR","74-79","1-6","https://therealjameswilson.github.io/Clinton-Russia-High-Level/public/documents/clinton-standalone-1994-01-13-memcon-one-on-one.pdf","https://clinton.presidentiallibraries.us/files/original/19662f645b0b622a95717322e238c1ec.pdf"
"15","1994-01-13","Memcon","Review fields","participants; classification marking","President's dinner with President Yeltsin, January 13/14, 1994","PRESIDENT'S DINNER WITH PRESIDENT YELTSIN JANUARY 14, 1994 1. ' -S-ECReT - ENTIRE TEXT 2. THIS CABLE IS FORWARDED FOR YOUR CLEARANCE. DECLASSIFIED 3. SUMMARY: IN A SERIES OF DISCUSSIONS ABOUT PER E.0.13526 DOMESTIC AND WORLD AFFAIRS ON THE EVENING OF JANUARY I3TH. PRESIDENT YELTSIN AND PRESIDENT CLINTON ■Xo\v> • owT • ro TALKED ABOUT THE TRILATERAL AGREEMENT FOR UKRAINE AND \o/y2.ovs \xe,v4 ITS CHANCES FOR SUCCESS. THEY ALSO DISCUSSED ATTITUDES IN THE COUNTRY AMONG THE RUSSIAN PEOPLE, PRESIDENT YELTSIN'S NEW EFFORTS TO ORGANIZE THE PARLIAMENT, AND RUSSIAN INTEREST IN REDUCING ARMS TRADE WITH IRAN AND OPENING UP THE SANCTIONS REGIME AGAINST IRAQ IN AN EFFORT TO ENSURE IRAQI REPAYMENT OF A PORTION OF ITS DEBT 00 RUSSIA. THERE WAS A DISCUSSION OF MILITARY COOPERATION AS WELL AS BOSNIA. PRESIDENT CLINTON AND PRESIDENT YELTSIN BOTH DISCUSSED THE NATURE OF THE U.S.-RUSSIAN RELATIONSHIP AND THE IMPORTANCE OF THAT RELATIONSHIP TO THE FUTURE OF WORLD STABILITY AND PEACE, PARTICULARLY IN EUROPE AND IN THE CONTEXT OF THE PARTNERSHIP FOR PEACE. PRESIDENT YELTSIN SIGNALED A POSSIBLE CHANGE IN HIS CABINET, DROPPING FORMER PRIME MINISTER GAYDAR TO WORK IN THE LOWER-HOUSE OF THE NEW FEDERAL LEGISLATURE. PRESIDENT CLINTON EXPLAINED THE CONCEPT OF ENSURING A LONG TERM PEACE IN EUROPE THROUGH FRANK CONSULTATION AND STRONG AND CLOSE COOPERATION BETWEEN RUSSIA AND THE UNITED STATES, BUT WITH CARE TAKEN TO ENSURE RESPECT FOR THE INTEREST OF OTHERS. END SUMMARY. 4.THE PRESIDENT MET WITH PRESIDENT YELTSIN AT THE DACHA AT NOVA OGAREVA OUTSIDE OF MOSCOW ON JANUARY I4TH FOR A DINNER IN WHICH A NUMBER OF BUSINESS ISSUES AROSE. THIS MEMCOM RECORDS THE BUSINESS DISCUSSION. THE PRESIDENT WAS ACCOMPANIED BY SECRETARY CHRISTOPHER, SECRETARY BENSON, NATIONAL SECURITY ADVISOR LAKE, AMBASSADOR AT LARGE STROBE TALBOTT AND AMBASSADOR PICKERING. PRESIDENT YELTSIN WAS ACCOMPANIED BY PRIME MINISTER CHRNOMYRDIN, FIRST DEPUTY PRIME MINISTER SOSKOVETS, FOREIGN MINISTER KOZYREV, DEFENSE MINISTER GRACHEV AND BY HIS LEGAL ADVISOR ILLYUSHIN. 5. AFTER OPENING PLEASANTRIES, PRESIDENT CLINTON NOTED THE IMPORTANCE HE ATTACHED TO HAVING HAD A CHANCE TO SEE RUSSIAN PEOPLE ON THE STREETS OF MOSCOW. HE TOLD PRESIDENT YELTSIN THAT HE HAD PASSED ON HIS CONCERNS TO PRESIDENT YELTSIN'S ADVISORS ABOUT THE PEOPLE AND THEIR REACTIONS. 6. PRESIDENT YELTSIN CHANGED THE SUBJECT AND NOTED MRS. YELTSIN HAD CALLED HIS ATTENTION TO A WONDERFUL ARTICLE ""IZVESTIA"" NEWSPAPER HAD RUN ON PRESIDENT CLINTON. THE ARTICLE ALSO COVERED MRS. CLINTON'S ACTIVITIES. 7. PRESIDENT YELTSIN THEN RETURNED TO THE INITIAL COMMENT ABOUT PEOPLE BEING WORRIED. THEY ARE CRITICAL OF US AND THEY ARE CERTAINLY RIGHT, HE SAID. TO DO BETTER, I HAVE SENT SERGEI ALEXANDROVICH FILATOV, THE KREMLIN CHIEF-OF-STAFF, TO LEARN ABOUT YOUR SYSTEM. WE ARE TRYING TO FIND OUT ABOUT HOW TO BE MORE EFFICIENT AT OUR WORK AND TO SPREAD THE RESPONSIBILITIES TO THOSE WHO CAN CARRY THEM OUT. THE COLLABORATION BETWEEN OUR COLLKAGUES IN THE CABINET IS STRONG AND WE HAVE A STRONG CABINET.","","","","January 13/14, 1994, Nova Ogareva, outside Moscow (source item date January 13; cable subject says January 14)","","","","","2. THIS CABLE IS FORWARDED FOR YOUR CLEARANCE. DECLASSIFIED | 3. SUMMARY: IN A SERIES OF DISCUSSIONS ABOUT PER E.0.13526","80-90","1-11","https://therealjameswilson.github.io/Clinton-Russia-High-Level/public/documents/clinton-standalone-1994-01-13-yeltsin-dinner-cable.pdf","https://clinton.presidentiallibraries.us/files/original/c016beef71be071cd9c96fcf0972fd57.pdf"
"16","1994-01-14","Memcon","Parsed","","Trilateral Meeting with President Boris Yeltsin of Russia on Security Issues","Trilateral Meeting President Boris Yeltsin of Russia on Security Issues (U)","The President Warren Chrstopher, Secretary of State Thomas Pickering, U.S. Ambassador to Russia William Miller, U.S. Ambassador to Ukraine Anthony Lake, Assistant to the President for National Security Affairs Strobe Talbott, Deputy Secretary of State (Designate) Frank Wisner, Under Secretary of Defense for Policy LTG Michael Ryan, Assistant to the Chairman, Joint Chiefs of Staff Rose Gottemoeller, Director for Russia, Ukraine and Eurasia Affairs, NSC Staff (Notetaker) Dmitry Zarechnak, Interpreter Russia Boris Yeltsin, President of the Russian Federation Viktor Chernomyrdin, Prime Minister Andrei Kozyrev, Foreign Minister Yuri Baturin, Secretary of National Security Georgiy Mamedov, Deputy Foreign Minister General Pavel Grachev, Defense Minister Dmitriy Ryurikov, President's National Security Advisor Ukraine Leonid Kravchuk, President of Ukraine Yukhym Zwigilskiy, Acting Prime Minister Anatoliy ZIenko, Foreign Minister' General Vitaliy Radetsky, Defense Minister Anton Buteyko, President's National Security Advisor Yevhen Marchuk, Security Minister Valeriy Shmarov, Deputy Prime Minister","Director for Russia, Ukraine and Eurasia Affairs, NSC Staff","","January 14, 1994, 8:35 - 8:55 a.m. ' St. Catherine's Hall, The Kremlin DECLASSIFICATION AUTHORITY: Geoffrey W. Chapman, Senior Reviewer, A/GIS/IPS 3/25/2019 llarlaccifv nn- nAnp nrwrinrm-rl iu UNCLASSIFIED U.S. Department of State Case No. F-2017-13804 Doc No. C06694499 Date: 03/29/2019","UNCLASSIFIED U.S. Department of State Case No. F-2017-13804 Doc No. C06694499 Date: 03/29/2019","","","","DECLASSIFIED] | DECLASSIFICATION AUTHORITY: Geoffrey W. Chapman, Senior Reviewer,","91-93","State FOIA document C06694499, conversation pages 1-3","https://therealjameswilson.github.io/Clinton-Russia-High-Level/public/documents/1994-01-14-memcon-trilateral-yeltsin-kravchuk.pdf","https://drive.google.com/file/d/1mA2m1fonXTwvzmbdVLzjWV7iGpBWAC1r/view"
"17","1994-01-14","Memcon","Parsed","","Second Expanded Bilateral Session with President Boris Yeltsin of Russia","Second.ExpandeB Bilatexal Session with President Boris Yeltsin of Russia (U)","The President Warren Christopher, Secretary of State Thomas Pickering, U.S. Ambassador to Russia Mack McLarty, Chief of Staff David Gergen, Counselor to the President Anthony Lake, Assistant to the President for National Security Affairs Leon Fuerth, Assistant to the Vice President for National Security Affairs Strobe Talbott,. Deputy Secretary of State (Designate) Frank Wisner, Under Secretary of Defense for, Policy Dr. Lynn Davis, Under Secretary of State for International Security Affairs LTG Michael Ryan, Assistant to the Chairman, Joint Chiefs of Staff Rose Gottemoeller, Director for Russia, Ukraine and Eurasia Affairs, NSC Staff (Notetaker) Dmitry Zarechnak, Interpreter Boris Yeltsin, President of Russian Federation Andrei Kozyrev, Foreign Minister Vladimir Lukin, Russian Ambassador to the U.S. Yurii Baturin, Secretary of National Security Council Viktor Ilyushin, Advisor-to President Yeltsin General Pavel Grachev, Defense Minister Sergey Filatov, Chief of Presidential Administration Georgiy Mamedov, Deputy Foreign Minister Oleg Lobov, Head of National Security Council Dmitriy Ryurikov, President's National Security Advisor","Director for Russia, Ukraine and Eurasia Affairs, NSC Staff","","January 14, 1994, 9:35 - 11:15 a.m. St. Catherine's Hall, The Kremlin","CONFIDENTIAL","","","","DECLASSIFIED | DECLASSIFICATION AUTHORITY: Geoffrey W. Chapman, Senior","94-101","State FOIA document C06694502, conversation pages 1-8","https://therealjameswilson.github.io/Clinton-Russia-High-Level/public/documents/1994-01-14-memcon-second-expanded-bilateral-session.pdf","https://drive.google.com/file/d/1pr42yhINujL_px_Y5aXD_MmChhc5sy9v/view"
"18","1994-01-15","Memcon","Review fields","classification marking","One-on-One Meeting with President Boris Yeltsin of Russia","One-on-One Meeting with President Boris Yeltsin of Russia (U)","The President Dimitry Zarechnak (Interpreter and notetaker) Boris Yeltsin, President of Russian Federation Interpreter","","","January 15, 1994, 9:00 - 9:20am The Kremlin The President started the conversation by saying that before he came to Moscow, he had worked hard with the G-7 to achieve the three aims which the U.S. and Russia shared: first, to get the next 1.5 billion dollars from the IMF to Russia; second, to get some debt relief (restructuring); third, to get flexibility in the conditions set by the international financial institutions for setting conditions for aid. The G-7 nations agreed to this if the President would push for reforms in Russia, since they believed that President Yeltsin was committed to these reforms. President Clinton said that he had asked for today's meeting with President Yeltsin because President Yeltsin had told him on the previous day that there would be some changes in personnel in his government related to economic positions. For example, Gaidar would lead the party of reformers in the parliament. This was, of course, for President Yeltsin, not President Clinton, to decide, and President Clinton had come to better understand during the days he had just spent in Moscow, talking to the people in the streets and in the TV studio, the political pressures facing President Yeltsin. President Yeltsin only wished that as President Yeltsin worked through these issues in the coming days, he would think about what President Clinton was saying. (^ President Clinton said President Yeltsin's decision could have an impact on all the individuals who were committed to achieving the desired goals for Russia. President Clinton's credibility was connected to President Yeltsin's indication that he would continue the reforms, which were linked to a specific team of people. Perhaps this would change, but the impression was that ~6ECRE¥- Declassify on: OADR ccrocn-","","","","OADR","DECLASSIFIED | PER E.0.13526. | Declassify on: OADR","102-103","1-2","https://therealjameswilson.github.io/Clinton-Russia-High-Level/public/documents/clinton-standalone-1994-01-15-memcon-one-on-one.pdf","https://clinton.presidentiallibraries.us/files/original/67bc3e4fc7cc0ed1ba4f438e510624d8.pdf"
"19","1994-02-20","Telcon","Review fields","classification marking","Telephone call with President Boris Yeltsin of Russia, February 20, 1994, White House White House","Telecon with President Boris Yeltsin of Russia","The President President Yeltsin Interpreter: Galina Tunik-Rosniansky Notetaker: Katherine O'Loughlin","Katherine O'Loughlin","Galina Tunik-Rosniansky","February 20, 1994; l:27-l:47pm EST The Oval Office","","","","OADR","DECLASSIFIED | PER E.0.13526 | Declassify on: OADR","104-107","155-157","https://therealjameswilson.github.io/Clinton-Russia-High-Level/public/documents/1994-02-20-telcon-16.pdf","https://www.clintonlibrary.gov/sites/default/files/finding_aids_a_z/2026-05/2015-0782-M-1.pdf"
"20","1994-04-10","Telcon","Review fields","classification marking","Telephone call with President Boris Yeltsin of Russia, April 10, 1994, White House","Telcon With President Yeltsin of Russia","The President President Yeltsin Interpreter: Dimitri Zarechnak Notetaker: Kevin Wooton, William Spencer","Kevin Wooton, William Spencer","Dimitri Zarechnak","April 10, 1994; Call began at 2315 EDT, terminated at 2338 EDT. The White House","","","","OADR","WAS HI NGTON DECLASSIFIED | PER E.0.13526 ^ | Declassify on: OADR","108-111","164-166","https://therealjameswilson.github.io/Clinton-Russia-High-Level/public/documents/1994-04-10-telcon-17.pdf","https://www.clintonlibrary.gov/sites/default/files/finding_aids_a_z/2026-05/2015-0782-M-1.pdf"
"21","1994-04-20","Telcon","Review fields","classification marking","Telephone call with President Boris Yeltsin of Russia, April 20, 1994, White House","Telcon with President Boris Yeltsin of Russia on April 20, 1994 (U)","The President President Boris Yeltsin Interpreter: Dimitry Zarechnak Notetaker: Rick Waddell","Rick Waddell","Dimitry Zarechnak","April 20, 1994; 2:25 - 3:05pm Oval Office","","","","OADR","Declassify on: OADR","112-116","181-184","https://therealjameswilson.github.io/Clinton-Russia-High-Level/public/documents/1994-04-20-telcon-18.pdf","https://www.clintonlibrary.gov/sites/default/files/finding_aids_a_z/2026-05/2015-0782-M-1.pdf"
"22","1994-06-13","Telcon","Parsed","","Telephone Call with President Boris Yeltsin of Russia, June 13, 1994, White House","Telcon with Boris Yeltsin of Russia on 13 June 1994","The President President Yeltsin Interpreter: Dimitry Zarechnak Notetaker: Steven Aoki","Steven Aoki","Dimitry Zarechnak","11 June 1994, 1:24 (EDT) The White House President Clinton: Hello","SECRET 3/iy cioig K6H ^","","","OADR PER E.0.13526","Declassify on: OADR PER E.0.13526","117-121","191-194","https://therealjameswilson.github.io/Clinton-Russia-High-Level/public/documents/1994-06-13-telcon-20.pdf","https://www.clintonlibrary.gov/sites/default/files/finding_aids_a_z/2026-05/2015-0782-M-1.pdf"
"23","1994-07-05","Telcon","Parsed","","Telephone call with President Boris Yeltsin of Russia, July 5, 1994, White House","Telcon with Boris Yeltsin of Russia on 5 July 1994","The President President Yeltsin Interpreter: Kyrill Borissov Notetaker: John Beyrle","John Beyrle","Kyrill Borissov","5 July 1994, 9:31-9:49 (EDT) Oval Office","-SECRET 5387","","","OADR DECLASSIFIED","Declassify on: OADR DECLASSIFIED | PER E.0.13526.","122-125","202-204","https://therealjameswilson.github.io/Clinton-Russia-High-Level/public/documents/1994-07-05-telcon-21.pdf","https://www.clintonlibrary.gov/sites/default/files/finding_aids_a_z/2026-05/2015-0782-M-1.pdf"
"24","1994-09-27","Memcon","Parsed","","Clinton-Yeltsin one-on-one memcon, September 27, 1994","Meeting with President Boris Yeltsin","The President President Boris Yeltsin Anthony Lake, Assistant to the President for National Security (Notetaker) Victor Ilyushin, First Assistant to President Yeltsin (Notetaker)","The President President Boris Yeltsin Anthony Lake, Assistant to the President for National Security","","September 27, 1994: 11:00 a.m.-1:00 p.m.; Oval Office and Patio","-SECRET^- PER E.0.13526,","","","OADR t^-i","DECLASSIFIED | -SECRET^- PER E.0.13526, | Declassify on: OADR t^-i","126-133","213-219","https://therealjameswilson.github.io/Clinton-Russia-High-Level/public/documents/1994-09-27-clinton-yeltsin-white-house-one-on-one.pdf","https://www.clintonlibrary.gov/sites/default/files/finding_aids_a_z/2026-05/2015-0782-M-1.pdf"
"25","1994-09-27","Memcon","Parsed","","Meeting with President Boris Yeltsin of Russia, September 27, 1994, White House","Expanded Session on Security Issues with President Yeltsin of the Russian Federation","The President The Vice President Warren Christopher, The Secretary of State William Perry, The Secretary of Defense Anthony Lake, Assistant to the President for National Security Affairs Leon Fuerth, Assistant to the Vice President for National Security Affairs Lynn Davis, Undersecretary for International Security Affairs Thomas Pickering, U.S. Ambassador to the Russian Federation Nicholas Burns, Special Assistant to the President and Senior Director for Russian, Ukrainian and Eurasian Affairs, NSC Rose Gottemoeller, Director for Russian, Ukrainian and Eurasian Affairs, NSC Notetaker Peter Afanasenko, Interpreter Boris Yeltsin, President of the Russian Federation Oleg Soskovets, Deputy Prime Minister Andrey Kozyrev, Minister of Foreign Affairs Pavel Grachev, Minister of Defense Oleg Davydov, Minister of Foreign Economics Trade Georgiy Mamedov, Deputy Minister of Foreign Affairs Viktor Iliyushin, First Assistant to the President Yuliy Vorontsov, Russian Ambassador to the U.S. Interpreter","","","September 27, 1994; 4:35-5:35pm Cabinet Room DECLASSIFIED PER E.0.13526 •CONFIDENTIAL- Declassify on: OADR 3/iyi.ol8 K6H","•CONFIDENTIAL-","","","OADR 3/iyi.ol8 K6H","DECLASSIFIED | PER E.0.13526 | Declassify on: OADR 3/iyi.ol8 K6H","134-144","251-260","https://therealjameswilson.github.io/Clinton-Russia-High-Level/public/documents/1994-09-27-clinton-yeltsin-expanded-security-session.pdf","https://www.clintonlibrary.gov/sites/default/files/finding_aids_a_z/2026-05/2015-0782-M-1.pdf"
"26","1994-09-28","Memcon","Review fields","participants; classification marking","Second Clinton/Yeltsin One-on-One","Second Clinton/Yeltsin One-on-One","","","","September 28, 1994, 1:00-2:30 p.m.","","","","","DECLASSIFIED","145-150","3-7,9","https://therealjameswilson.github.io/Clinton-Russia-High-Level/public/documents/clinton-standalone-1994-09-28-second-one-on-one.pdf","https://clinton.presidentiallibraries.us/files/original/2509827ca57f98e07eec584b3d69250f.pdf"
"27","1994-10-05","Telcon","Review fields","classification marking","Telephone call with President Boris Yeltsin, October 5, 1994, White House","Telephone Conversation with Russian President Yeltsin (U)","The President President Boris Yeltsin Interpreter: Dimitry Zarechnak Notetaker: Jessica Stern","Jessica Stern","Dimitry Zarechnak","October 5, 1993, 10:30-11:00am, Oval Office","","","","OADR 3/iy 1013 l'<8Vl","DECLASSIFIED | PER E.0.13526 ^ | Declassify on: OADR 3/iy 1013 l'<8Vl","151-155","227-230","https://therealjameswilson.github.io/Clinton-Russia-High-Level/public/documents/1994-10-05-telcon-24.pdf","https://www.clintonlibrary.gov/sites/default/files/finding_aids_a_z/2026-05/2015-0782-M-1.pdf"
"28","1994-10-10","Telcon","Review fields","classification marking","Telephone call with President Boris Yeltsin of Russia, October 10, 1994, White House","Telcon with President Boris Yeltsin of Russian Federation (U)","The President President Yeltsin Interpreter: Dimitry Zarechnak Notetaker: Jessica Stern","Jessica Stern","Dimitry Zarechnak","October 10, 1993, 12:15 - 12:40pm Oval Office","","","","OADR PER E.0.13526 ^","SEC-RET- DECLASSIFIED | Declassify on: OADR PER E.0.13526 ^","156-160","238-241","https://therealjameswilson.github.io/Clinton-Russia-High-Level/public/documents/1994-10-10-clinton-yeltsin-iraq-telcon.pdf","https://www.clintonlibrary.gov/sites/default/files/finding_aids_a_z/2026-05/2015-0782-M-1.pdf"
"29","1995-02-13","Telcon","Review fields","participants; notetaker; interpreter","Telephone call with President Boris Yeltsin of Russia, February 13, 1995, White House","Telephone Conversation with Russian President Yeltsin: Chechnya, START II PTU^TICIPTUITS The President President Boris Yeltsin DECLASSIFIED PER E.0.13526 Interpreter: Dimitry Zarechnak Notetaker: Steve Pifer 3/iyioi8 KBH","","","","February 13, 1995, 1:03-1:25 p.m. Oval Office","SECRET ^ 0995","","","OADR","President Boris Yeltsin DECLASSIFIED | PER E.0.13526 | Declassify on: OADR","161-165","268-271","https://therealjameswilson.github.io/Clinton-Russia-High-Level/public/documents/1995-02-13-telcon-26.pdf","https://www.clintonlibrary.gov/sites/default/files/finding_aids_a_z/2026-05/2015-0782-M-1.pdf"
"30","1995-04-27","Telcon","Parsed","","Telephone call with President Boris Yeltsin of Russia, April 27, 1995, White House","Presidential Telephone Call","The President President Yeltsin Interpreter: Peter Afanasenko Notetakers: John Beyrle, Kenneth Baldwin, Karen Dragone","John Beyrle, Kenneth Baldwin, Karen Dragone","Peter Afanasenko","27 April 1995, 9:31 - 10:04am Oval Office","COMF1 DEI^fflAL 3572","","","OADR PER E.0.13526 ^","-GONFIDENTIAL- DECLASSIFIED | Declassify on: OADR PER E.0.13526 ^","166-170","280-283","https://therealjameswilson.github.io/Clinton-Russia-High-Level/public/documents/1995-04-27-telcon-27.pdf","https://www.clintonlibrary.gov/sites/default/files/finding_aids_a_z/2026-05/2015-0782-M-1.pdf"
"31","1995-05-10","Memcon","Review fields","participants; classification marking","Meeting with President Boris Yeltsin of Russia, May 10, 1995, The Kremlin, Moscow, Russia","One-On-One Meeting","","","","10:10 a.m. - 1:19 p.m.","","","","","","171-187","285-300","https://therealjameswilson.github.io/Clinton-Russia-High-Level/public/documents/1995-05-10-memcon-28.pdf","https://www.clintonlibrary.gov/sites/default/files/finding_aids_a_z/2026-05/2015-0782-M-1.pdf"
"32","1995-06-17","Memcon","Review fields","participants","Meeting with President Boris Yeltsin of Russia, June 17, 1995, Halifax, Nova Scotia, Canada","Cl'inton-Yeltsin Meeting","","","","June 17, 1995, Halifax, Nova Scotia, Canada","UNCLASSIFIED U.S. Department of State Case No. F-2017-13804 Doc No. C06835181 Date: 12/28/2020","","","","","188-195","Strobe FOIA document C06835181, conversation pages 1-8","https://therealjameswilson.github.io/Clinton-Russia-High-Level/public/documents/1995-06-17-memcon-29.pdf","https://therealjameswilson.github.io/strobe-talbott-foia/manifest.html"
"33","1995-07-28","Telcon","Review fields","classification marking","Telephone call with President Boris Yeltsin of Russia, July 28, 1995, White House","President's Discussion with Yeltsin on Bosnia, Chechnya","The President President Boris Yeltsin of Russia Interpreter: Peter Afanasenko Notetakers: Steve Pifer, Katherine O'Loughlin, Kenneth Baldwin and Mary Canty","Steve Pifer, Katherine O'Loughlin, Kenneth Baldwin and Mary Canty","Peter Afanasenko","July 28, 1995, 10:35-11:19 a.m. EDT Oval Office","","","","OADR","PER E.0.13526 | Declassify on: OADR","196-201","309-313","https://therealjameswilson.github.io/Clinton-Russia-High-Level/public/documents/1995-07-28-telcon-30.pdf","https://www.clintonlibrary.gov/sites/default/files/finding_aids_a_z/2026-05/2015-0782-M-1.pdf"
"34","1995-09-27","Telcon","Review fields","classification marking","Telephone call with President Boris Yeltsin of Russia, September 27, 1995, White House","President's Discussion with Yeltsin on Bosnia, CEE, Hyde Park and a Vice Presidential Meeting with Chernomyrdin","The President President Yeltsin of Russia (in Sochi) Interpreter: Peter Afanasenko Notetakers: Steve Pifer, Paul Weber, Deuce Martinez, Katherine O'Loughlin, Trey Whitworth","Steve Pifer, Paul Weber, Deuce Martinez, Katherine O'Loughlin, Trey Whitworth","Peter Afanasenko","September 27, 1995, 10:35-11:53 a.m. EDT Oval Office","","","","OADR PER E.0.13526","-CONy-TDENTIAL DECLASSIFIED | Declassify on: OADR PER E.0.13526","202-205","324-326","https://therealjameswilson.github.io/Clinton-Russia-High-Level/public/documents/1995-09-27-telcon-31.pdf","https://www.clintonlibrary.gov/sites/default/files/finding_aids_a_z/2026-05/2015-0782-M-1.pdf"
"35","1995-10-23","Memcon","Review fields","participants; classification marking","Clinton-Yeltsin One-on-One","Clinton-Yeltsin One-on-One","","","","11:30 a.m.-1:35 p.m.","","","","","DECLASSIFIED | PER E.0.13526 ^","206-218","5-16","https://therealjameswilson.github.io/Clinton-Russia-High-Level/public/documents/1995-10-23-clinton-yeltsin-hyde-park-one-on-one.pdf","https://s3.amazonaws.com/NARAprodstorage/lz/presidential-libraries/clinton/wjc-nscrm/7585721/7-YeltsinHydePark.pdf"
"36","1995-10-23","Memcon","Review fields","classification marking","Lunch with Boris Yeltsin, President of Russian Federation","Lunch with Boris Yeltsin, President of Russian Federation","U.S. President Clinton Secretary Christopher, Secretary of State Anthony Lake, Assistant to the President for National Security Affairs Strobe Talbott, Deputy Secretary of State Timbassador Thomas Pickering, U.S. Ambassador to Russia Ash Carter, Assistant Secretary of Defense for International Security Policy General Christman Coit Blacker, Special Assistant to the President and Senior Director for Russia, Ukraine and Eurasia Affairs, NSC staff (note-taker) Russia President Yeltsin Foreign Minister Kozyrev Yeltsin Principal Assistant Ilyushin Yeltsin Foreign Policy Assistant Ryurikov Ambassador Vorontsov Deputy Foreign Minister Mamedov Yeltsin Military/Science Advisor Kuzyk Protocol Chief Shevchenko","","","October 23, 1995; 1:30 p.m.-2:40 p.m. Dining Room, Hyde Park Library, Hyde Park, New York","","Andrew D. Sens","1.5 (d)","10/31/05 PER E.0.13526","DECLASSIFtEB | Declassify On: 10/31/05 PER E.0.13526","219-224","31-35","https://therealjameswilson.github.io/Clinton-Russia-High-Level/public/documents/1995-10-23-clinton-yeltsin-hyde-park-lunch.pdf","https://s3.amazonaws.com/NARAprodstorage/lz/presidential-libraries/clinton/wjc-nscrm/7585721/7-YeltsinHydePark.pdf"
"37","1996-01-26","Telcon","Review fields","classification marking","Telephone call with President Boris Yeltsin of Russia, January 26, 1996, White House","President's Discussion with Yeltsin on Reform, Chechnya, START II and NATO (jZ*)","The President President Yeltsin of Russia Interpreter: Peter Afanasenko Notetakers: Katherine O'Loughlin, Kevin Wooton, Deuce Martinez, Steve Pifer","Katherine O'Loughlin, Kevin Wooton, Deuce Martinez, Steve Pifer","Peter Afanasenko","January 26, 1996, 10:46-11:27 a.m. EDT Oval Office","","Andrew Sens","1.5 (d)","X6","DECLASSIFIED | PER E.0.13526 | Declassify On: X6","225-230","342-346","https://therealjameswilson.github.io/Clinton-Russia-High-Level/public/documents/1996-01-26-telcon-33.pdf","https://www.clintonlibrary.gov/sites/default/files/finding_aids_a_z/2026-05/2015-0782-M-1.pdf"
"38","1996-02-21","Telcon","Parsed","","Telephone call with President Boris Yeltsin of Russia, February 21, 1996, White House","The President's Discussion with President Yeltsin on the Russian Election, Bilateral Relations,' START II Ratification and NATO","The President President Yeltsin of Russia Interpreter: Peter Afanasenko Notetakers: Ted Sevigny, Mary Canty, Elaine Florio, Steve Pifer","Ted Sevigny, Mary Canty, Elaine Florio, Steve Pifer","Peter Afanasenko","February 21, 1996, 10:38-11:05 a.m. EST Oval Office PRESIDENT CLINTON: Hello? (U) PRESIDENT YELTSIN Hello, Bill. (U) PRESIDENT CLINTON Hello, Boris. Thank you for taking my call. (U)","-CONFIDENTIAL £M[NTIflL 1097","","1.5 (d)","X6","DECLASSIFIED | Declassify On: X6","231-235","354-357","https://therealjameswilson.github.io/Clinton-Russia-High-Level/public/documents/1996-02-21-telcon-34.pdf","https://www.clintonlibrary.gov/sites/default/files/finding_aids_a_z/2026-05/2015-0782-M-1.pdf"
"39","1996-03-13","Memcon","Parsed","","Meeting with President Boris Yeltsin of Russia, March 13, 1996, Sharm El-Sheikh, Egypt","(C) CLINTON-YELTSIN MEMCON 3/13/96 1. CONFIDENTIAL CLASSIFIED BY: JOHN HERBSTR ACTING, S/NIS, DEPARTMENT OF STATE REASON: 1.5 (B) AND (D) TEXT OF MEMCON FROM CLINTON-YELTSIN 3/13/96 MEETING FOLLOWS FOR YOUR INFORMATION BEGIN TEXT MEMORANDUM OF CONVERSATION SUBJECT: MEETING WITH PRESIDENT BORIS YELTSIN OF Russia trr","UNITED STATES: THE PRESIDENT SECRETARY CHRISTOPHER, SECRETARY OF STATE JOHN DEUTCH, DIRECTOR OF CENTRAL INTELLIGENCE ANTHONY LAKE, ASSISTANT TO THE PRESIDENT FOR NATIONAL SECURITY AFFAIRS RADM JOHN LEUCKE, DIRECTOR, STRATEGIC PLANS AND POLICY, USCENTCOM CLINTON LIBRARY PHOTOCOPY","","","March 13, 1996, Sharm El-Sheikh, Egypt","CONFIDENTIAL CLASSIFIED BY: JOHN HERBSTR ACTING,","JOHN HERBSTR ACTING,","1.5 (B) AND (D)","","declassified","236-240","Google Drive file 1kqpS-sURsWvTfRqKhA-09YXKX5fVVh7c, pages 2-5","https://therealjameswilson.github.io/Clinton-Russia-High-Level/public/documents/1996-03-13-clinton-yeltsin-sharm-el-sheikh-memcon-cable.pdf","https://drive.google.com/file/d/1kqpS-sURsWvTfRqKhA-09YXKX5fVVh7c/view"
"40","1996-04-09","Telcon","Parsed","","Telephone call with President Boris Yeltsin of Russia, April 9, 1996, White House","President's Discussion with Yeltsin on Chornobyl, CTBT, ABM/TMD, CEE, G-7 vs G-8","The President President Yeltsin of Russia Interpreter: Peter Afanasenko Notetakers: Deuce Martinez, Daniel Flessas, Karen Dragone, James Goldgeier, Carlos Pascual, Steve Pifer","Deuce Martinez, Daniel Flessas, Karen Dragone, James Goldgeier, Carlos Pascual, Steve Pifer","Peter Afanasenko","April 9, 1996, 8:05-8:45 a.m. EDT Oval Office PRESIDENT CLINTON: Hello, Boris? (U)","-SECRET PER E.0.13526","","1.5 (d) XOi5-o78i-1","X6","DECLASSIFIED | -SECRET PER E.0.13526 | Declassify On: X6","241-246","369-373","https://therealjameswilson.github.io/Clinton-Russia-High-Level/public/documents/1996-04-09-telcon-36.pdf","https://www.clintonlibrary.gov/sites/default/files/finding_aids_a_z/2026-05/2015-0782-M-1.pdf"
"41","1996-04-21","Memcon","Review fields","participants; classification marking","POTUS-Yeltsin One-on-One","POTUS-Yeltsin One-on-One","","","","April 21, 1996, 10:00-11:45 a.m., Moscow, Russia","","","","","DECLASSIFIED | 10:00-11:45am PER E.0.13526","247-260","381-393","https://therealjameswilson.github.io/Clinton-Russia-High-Level/public/documents/1996-04-21-memcon-moscow-one-on-one.pdf","https://www.clintonlibrary.gov/sites/default/files/finding_aids_a_z/2026-05/2015-0782-M-1.pdf"
"42","1996-04-21","Memcon","Parsed","","Luncheon Meeting with Russian President Boris Yeltsin","Luncheon Meeting with Russian President Boris Yeltsin (U)","U.S. The President Thomas Pickering, U.S. Ambassador to Russia Leon Panetta, Chief of Staff to the President Strobe Talbott, Deputy Secretary of State Samuel Berger, Deputy Assistant to the President for National Security Affairs James Collins, Ambassador-at-Large to the New Independent States Ashton Carter, Assistant Secretary of Defense Coit Blacker, NSC (Notetaker) Russia President Yeltsin I. S. Ivanov, Deputy Foreign Minister Yu. M. Vorontsov, Russian Ambassador to the United States Yu. M. Baturin, President's National Security Assistant D. B. Ryurikov, President's Foreign Policy Assistant A. A. Kokoshin, Deputy Defense Minister G. E. Mamedov, Deputy Foreign Minister N. N. Spasskiy, Head, North 7\merica Department, MFA","Ambassador-at-Large to the New Independent States Ashton Carter, Assistant Secretary of Defense Coit Blacker, NSC","","April 21, 1996, 12:50 -- 2:15 p.m. The Kremlin","SEGRS¥- 2963","Andrew D. Sens ?mm. 13526","1.5 (d) io\5 - 0781- - X ^ l.o\^","X6","Declassify On: X6","261-268","7-13","https://therealjameswilson.github.io/Clinton-Russia-High-Level/public/documents/1996-04-21-memcon-moscow-luncheon.pdf","https://www.clintonlibrary.gov/sites/default/files/finding_aids_a_z/2026-01/2015-0782-M-2.pdf"
"43","1996-05-07","Telcon","Review fields","classification marking","Telephone call with President Boris Yeltsin of Russia, May 7, 1996, White House","Telephone Conversation with Russian President Yeltsin on CTBT, Chechnya, Economics, CFE and Russian Election","The President President Boris Yeltsin Interpreter: Dmitriy Zarechnak Notetakers: James Goldgeier, Carlos Pascual, Steve Pifer","James Goldgeier, Carlos Pascual, Steve Pifer","Dmitriy Zarechnak","May 7, 1996, 8:34-8:55 a.m. EDT, Oval Office ","","","1.5(d)","5/7/06","DECLASSIFIED | Declassify On: 5/7/06","269-273","25-28","https://therealjameswilson.github.io/Clinton-Russia-High-Level/public/documents/1996-05-07-telcon-38.pdf","https://www.clintonlibrary.gov/sites/default/files/finding_aids_a_z/2026-01/2015-0782-M-2.pdf"
"44","1996-06-18","Telcon","Review fields","classification marking","Telephone call with President Boris Yeltsin of Russia, June 18, 1996, White House","Telephone Conversation with Russian President Yeltsin","The President President Boris Yeltsin Interpreter: Peter Afanasenko Notetakers: James Goldgeier, Carlos Pascual","James Goldgeier, Carlos Pascual","Peter Afanasenko","June 18, 1996, 9:02-9:12 a.m. EDT, Residence ","","","1.5(d) 3/12/^013 Ken","1.6, X6","DECLASSIFIED | Declassify On: 1.6, X6","274-276","39-40","https://therealjameswilson.github.io/Clinton-Russia-High-Level/public/documents/1996-06-18-telcon-39.pdf","https://www.clintonlibrary.gov/sites/default/files/finding_aids_a_z/2026-01/2015-0782-M-2.pdf"
"45","1996-07-05","Telcon","Review fields","classification marking","Telephone call with President Boris Yeltsin of Russia, July 5, 1996, White House","Telephone Conversation with Russian President Yeltsin","The President President Boris Yeltsin Interpreter: Nik Sorokin Notetakers: Carlos Pascual, James Goldgeier, Evan Reade, Peter Huggins, Katherine O'Loughlin, Deuce Martinez","Carlos Pascual, James Goldgeier, Evan Reade, Peter Huggins, Katherine O'Loughlin, Deuce Martinez","Nik Sorokin","July 5, 1996, 9:05-9:27 a.m. EDT, Residence ","","","1.5(d)","7/5/06 PER E.0.13526.","Declassify On: 7/5/06 PER E.0.13526.","277-280","49-51","https://therealjameswilson.github.io/Clinton-Russia-High-Level/public/documents/1996-07-05-telcon-40.pdf","https://www.clintonlibrary.gov/sites/default/files/finding_aids_a_z/2026-01/2015-0782-M-2.pdf"
"46","1996-09-15","Telcon","Review fields","classification marking","Telephone call with President Boris Yeltsin of Russia, September 15, 1996, White House","Conversation with President Boris Yeltsin of Russia (U)","The President President Boris Yeltsin Interpreter: Peter Afanasenko Notetakers: Cindy Lawrence, Steve Brennan, Peter Huggins, Ki Fort","Cindy Lawrence, Steve Brennan, Peter Huggins, Ki Fort","Peter Afanasenko","September 15, 1996, 11:04-11:13 a.m. Residence President Clinton: Hello. Hello Boris. (U)","","Andrew D. Sens PER E.0.13526 ^.","1.5 (b) 0.0^5'0780.-","09/15/06 S/\z/'X.Q\S KtM","•GQ^fflDENTIj DECLASSIFIED | Classified by: Andrew D. Sens PER E.0.13526 ^. | Declassify On: 09/15/06 S/\z/'X.Q\S KtM","281-283","64-65","https://therealjameswilson.github.io/Clinton-Russia-High-Level/public/documents/1996-09-15-telcon-41.pdf","https://www.clintonlibrary.gov/sites/default/files/finding_aids_a_z/2026-01/2015-0782-M-2.pdf"
"47","1996-12-05","Telcon","Review fields","classification marking","Telephone call with President Boris Yeltsin of Russia, December 5, 1996, White House","Conversation with President Boris Yeltsin of Russia (U)","The President President Boris Yeltsin Interpreter: Dimitry Zarechnak Notetakers: Katherine O'Loughlin, Larry Wright, Trey Whitworth, Ki Fort, Carlos Pascual, Mike Hamel","Katherine O'Loughlin, Larry Wright, Trey Whitworth, Ki Fort, Carlos Pascual, Mike Hamel","Dimitry Zarechnak","December 5, 1996, 9:35-9:50 a.m. Oval Office President Clinton: Hello? (U)","","Andrew D. Sens DECLASSIFIED","1.5 (b) PER E.0.13526","12/4/06 ao\5 - 0-73","Classified by: Andrew D. Sens DECLASSIFIED | Reason: 1.5 (b) PER E.0.13526 | Declassify On: 12/4/06 ao\5 - 0-73","284-287","77-79","https://therealjameswilson.github.io/Clinton-Russia-High-Level/public/documents/1996-12-05-telcon-42.pdf","https://www.clintonlibrary.gov/sites/default/files/finding_aids_a_z/2026-01/2015-0782-M-2.pdf"
"48","1997-02-27","Telcon","Review fields","classification marking","Telephone call with President Boris Yeltsin of Russia, February 27, 1997, White House","Conversation with Russian President Boris Yeltsin","President Clinton Russian President Boris Yeltsin Interpreter: Peter Afanasenko Notetaker: Elaine Florio, Katherine O'Loughlin, Wylma Robinson, David Higgins, Ki Fort","Elaine Florio, Katherine O'Loughlin, Wylma Robinson, David Higgins, Ki Fort","Peter Afanasenko","February 27, 1997, 11:51 a.m.-12:09 p.m. The Oval Office","","","1.5(d)","2/28/07 PER E.0.13526","Declassify On: 2/28/07 PER E.0.13526","288-291","87-89","https://therealjameswilson.github.io/Clinton-Russia-High-Level/public/documents/1997-02-27-telcon-43.pdf","https://www.clintonlibrary.gov/sites/default/files/finding_aids_a_z/2026-01/2015-0782-M-2.pdf"
"49","1997-03-21","Memcon","Parsed","","Helsinki Morning Meeting with President Boris Yeltsin","Morning Meeting with Russian President Yeltsin: NATO-Russia, START, ABM/TMD (Jt)","U.S. The President Madeleine Albright, Secretary of State Sandy Berger, Assistant to the President for National Security Affairs Strobe Talbott, Deputy Secretary of State Russia President Yeltsin Yevgeniy Primakov, Foreign Minister Dmitriy Ryurikov, Foreign Policy Assistant Yuriy Mamedov, Deputy Foreign Minister","","","March 21, 1997, 9:50-11:55 a.m. The Finnish President's Residence, Helsinki","COMF1 DENT I7YE- 2044","","1.5 (d)","X6 3/21/17","COtJ-F-l'DENTIALr DECLASSIFIED | Declassify On: X6 3/21/17 | PER E.0.13526","292-303","105-115","https://therealjameswilson.github.io/Clinton-Russia-High-Level/public/documents/1997-03-21-memcon-helsinki-morning.pdf","https://www.clintonlibrary.gov/sites/default/files/finding_aids_a_z/2026-01/2015-0782-M-2.pdf"
"50","1997-03-21","Memcon","Review fields","classification marking","Helsinki Working Lunch with President Boris Yeltsin","Working Lunch with Russian President Yeltsin: Economic Issues, Jackson-Vanik, Denver Summit, Space Station, Nagorno-Karabakh","U.S. The President Madeleine Albright, Secretary of State Sandy Berger, Assistant to the President for National Security Affairs John Shalikashvili, Chairman, JCS John Podesta, Deputy Chief of Staff Strobe Talbott, Deputy Secretary of State Larry Summers, Deputy Secretary of the Treasury Jim Steinberg, Deputy Assistant to the President for National Security Affairs Jim Collins, Ambassador-at-Large for the NIS Jan Lodal, Principal Deputy for the Under Secretary of Defense for Policy Steve Pifer, Senior Director for Russian, Ukrainian and Eurasian Affairs (NSC) Russia President Yeltsin Yevgeniy Primakov, Foreign Minister Oleg Davydov, Deputy Prime Minister Yuriy Yarov, Deputy Head of Presidential Administration Dmitriy Ryurikov, Foreign Policy Assistant Yuliy Vorontsov, Ambassador to the United States Vladimir Lukin, Member, Russian State Duma Viktor Samsonov, Chief of the General Staff Nikolay Afanasyevskiy, Deputy Foreign Minister Yuriy Mamedov, Deputy Foreign Minister Nikolay Spasskiy, Head, MFA USA Department","","","March 21, 1997, 1:00-2:00 p.m. The Finnish President's Residence, Helsinki ■CONFIDENTIAh Reason: 1.5 (d) DECLASSIFIED Declassify On: X6 3/21/17 n: PER E.0.13526, lP- u>-3C-/CiC>S - KOE","","","1.5 (d) DECLASSIFIED","X6 3/21/17 n: PER E.0.13526,","Reason: 1.5 (d) DECLASSIFIED | Declassify On: X6 3/21/17 n: PER E.0.13526,","304-312","116-123","https://therealjameswilson.github.io/Clinton-Russia-High-Level/public/documents/1997-03-21-memcon-helsinki-working-lunch.pdf","https://www.clintonlibrary.gov/sites/default/files/finding_aids_a_z/2026-01/2015-0782-M-2.pdf"
"51","1997-03-21","Memcon","Parsed","","Helsinki Afternoon Meeting with President Boris Yeltsin","Afternoon Meeting with Russian President Yeltsin: Joint Statements, Public Line on NATO-Russia (jjf","U.S. The President Madeleine Albright, Secretary of State Sandy Berger, Assistant to the President for National Security Affairs Strobe Talbott, Deputy Secretary of State Russia President Yeltsin Yevgeniy Primakov, Foreign Minister Dmitriy Ryurikov, Foreign Policy Assistant Yuriy Mamedov, Deputy Foreign Minister","","","March 21, 1997, 4:00-4:50 p.m. The Finnish President's Residence, Helsinki","CONFIDENTIAL 2044","","1.5 (d) PER E.0.13526..","X6 3/21/17","CONFIUEMTIAL DECLASSIFIED | Reason: 1.5 (d) PER E.0.13526.. | Declassify on: X6 3/21/17","313-317","124-127","https://therealjameswilson.github.io/Clinton-Russia-High-Level/public/documents/1997-03-21-memcon-helsinki-afternoon.pdf","https://www.clintonlibrary.gov/sites/default/files/finding_aids_a_z/2026-01/2015-0782-M-2.pdf"
"52","1997-03-21","Memcon","Parsed","","Helsinki Private Dinner with President Boris Yeltsin","Private Dinner with Russian President Yeltsin: Middle East, China, Iran, Nuclear Control (;2T","U.S. The President Strobe Talbott, Deputy Secretary of State Russia President Yeltsin Dmitriy Ryurikov, Foreign Policy Assistant","","","March 21, 1997, 8:15-9:30 p.m. Finnish Official Guest Residence, Helsinki","CONFIDENTIAL'","","1.5 (d)","X6 3/21/17","DECLASSIFIED | PER E.0.13526. | Declassify on: X6 3/21/17","318-324","128-133","https://therealjameswilson.github.io/Clinton-Russia-High-Level/public/documents/1997-03-21-memcon-helsinki-private-dinner.pdf","https://www.clintonlibrary.gov/sites/default/files/finding_aids_a_z/2026-01/2015-0782-M-2.pdf"
"53","1997-05-27","Memcon","Parsed","","Meeting with President Boris Yeltsin of Russia, May 27, 1997, Paris, France","Meeting with Russian President Yeltsin: NATQ-Russi.a, Arms Control, Economics, Denver Summit of the Eight, Afghanistan, Iran","U.S. The President Madeleine Albright, Secretary of State Samuel Berger, Assistant to the President for National Security Affairs Strobe Talbott, Deputy Secretary of State Steve Pifer, NSC staff (notetaker) Russia President Yeltsin Yevgeniy Primakov, Foreign Minister Sergey Yastrzhembskiy, Press Spokesman Sergey Prikhodko, Foreign Policy Assistant Nikolay Spasskiy, Head, MFA USA and Canada Department (notetaker)","Assistant to the President for National Security Affairs Strobe Talbott, Deputy Secretary of State Steve Pifer, NSC staff","","May 27, 1997, 5:00-5:55 p.m. The American Ambassador's Residence, Paris","CONFIDENTIAL DECIASSIFIED IN PART","","1.5 (d) PER E. O. 13526","X6 5/27/17","Declassify On: X6 5/27/17","325-333","143-150","https://therealjameswilson.github.io/Clinton-Russia-High-Level/public/documents/1997-05-27-memcon-45.pdf","https://www.clintonlibrary.gov/sites/default/files/finding_aids_a_z/2026-01/2015-0782-M-2.pdf"
"54","1997-06-20","Memcon","Review fields","classification marking","Meeting with President Boris Yeltsin of Russia, June 20, 1997, Denver, Colorado","Meeting with Russian President Yeltsin: European Security and Madrid, Arms Control, Economics, Iraq, Russian-Iran Missile Cooperation, Japanese-Russian Relations [yf","U.S. The President Madeleine Albright, Secretary of State Robert Rubin, Secretary of the Treasury Erskine Bowles, Chief of Staff Samuel Berger, Assistant to the President for National Security Affairs Gene Sperling, Assistant to the President for Economic Policy Dan Tarullo, Assistant to the President for International Economic Policy Mike McCurry, White House Press Secretary Strobe Talbott, Deputy Secretary of State Lawrence Summers, Deputy Treasury Secretary Jim Steinberg, Deputy Assistant to the President for National Security Affairs James Collins, Ambassador for the NIS Steve Pifer, Senior Director, NSC (notetaker) Russia President Yeltsin Anatoliy Chubays, Deputy Prime Minister Yevgeniy Primakov, Foreign Minister Sergey Yastrzhembskiy, Yeltsin Press Spokesman Georgiy Mamedov, Deputy Foreign Minister Sergey Prikhodko, Yeltsin Foreign Policy Assistant Ambassador Vorontsov","Ambassador for the NIS Steve Pifer, Senior Director, NSC","","June 20, 1997, 1:05-2:05 p.m. The Gold Room, The Brown Palace, Denver (The meeting opened with ten minutes of press pool sprays.) ■SECR-S-I^ Classified by: Glyn T. Davies DECLASSIFIED Reason: 1.5 (d) PER E.0.13526 lP- cOJty^DoS -IW-I Declassify on: X6 6/20/17 o5f'Xh/'i£>\l»","","Glyn T. Davies DECLASSIFIED","1.5 (d) PER E.0.13526","X6 6/20/17","Classified by: Glyn T. Davies DECLASSIFIED | Reason: 1.5 (d) PER E.0.13526 | Declassify on: X6 6/20/17","334-342","165-172","https://therealjameswilson.github.io/Clinton-Russia-High-Level/public/documents/1997-06-20-memcon-46.pdf","https://www.clintonlibrary.gov/sites/default/files/finding_aids_a_z/2026-01/2015-0782-M-2.pdf"
"55","1997-10-30","Telcon","Review fields","classification marking","Telephone call with President Boris Yeltsin of Russia, October 30, 1997, White House","Telephone Conversation with Russian President Yeltsin","President Clinton Russian President Boris Yeltsin Interpreter: Dimitry Zarechnak Notetaker: Pete Huggins, Jim Smith, Doug Mueller, Bonnie Click Tony Campanella, Ki Fort","Pete Huggins, Jim Smith, Doug Mueller, Bonnie Click Tony Campanella, Ki Fort","Dimitry Zarechnak","October 30, 1997, 12:52 - 1:21 p.m. EST The Oval Office","","Glyn T. Davies","1.5 (d)","11/02/07 PER E.0.13526.","DECLASSIFIED | Declassify on: 11/02/07 PER E.0.13526.","343-349","183-188","https://therealjameswilson.github.io/Clinton-Russia-High-Level/public/documents/1997-10-30-telcon-47.pdf","https://www.clintonlibrary.gov/sites/default/files/finding_aids_a_z/2026-01/2015-0782-M-2.pdf"
"56","1997-11-16","Telcon","Review fields","classification marking","Telephone call with President Boris Yeltsin of Russia, November 16, 1997, Malibu, California","Telephone Conversation Com with Russian President Yeltsin (/)","President Clinton Russian President Boris Yeltsin Interpreter: Dimitry Zarechnak Notetakers: David Higgins, Mariann Papadimitriou, Larry Wright, James Smith, Pat O'Shaughnessy, Ki Fort","David Higgins, Mariann Papadimitriou, Larry Wright, James Smith, Pat O'Shaughnessy, Ki Fort","Dimitry Zarechnak","November 16, 1997, 2:04 - 2:15 a.m. EST Malibu, California","","Glyn T. Davies DECLASSIFIED","1.5 PER E.0.13526","11/16/07 'Xo\'^ - OISX- Oq. X /1.n )","Classified by: Glyn T. Davies DECLASSIFIED | Reason: 1.5 PER E.0.13526 | Declassify on: 11/16/07 'Xo\'^ - OISX- Oq. X /1.n )","350-353","206-208","https://therealjameswilson.github.io/Clinton-Russia-High-Level/public/documents/1997-11-16-telcon-48.pdf","https://www.clintonlibrary.gov/sites/default/files/finding_aids_a_z/2026-01/2015-0782-M-2.pdf"
"57","1997-11-22","Telcon","Review fields","classification marking","Telephone call with President Boris Yeltsin of Russia, November 22, 1997, White House","Telephone Conversation with Russian President Yeltsin (jd","President Clinton Russian President Boris Yeltsin Interpreter: Dimitry Zarechnak Notetakers: Lyle Harrison, Jeff Rathke, Cindy Lawrence, Ki Fort","Lyle Harrison, Jeff Rathke, Cindy Lawrence, Ki Fort","Dimitry Zarechnak","November 22, 1997, 9:00 - 9:43 a.m. EST TU^D PLACE: Oval Office","","Glyn T. Davies DECLASSIFIED","1.5' (d) PER E.0.13526,.","11/24/07","Classified by: Glyn T. Davies DECLASSIFIED | Reason: 1.5' (d) PER E.0.13526,. | Declassify on: 11/24/07","354-360","218-223","https://therealjameswilson.github.io/Clinton-Russia-High-Level/public/documents/1997-11-22-telcon-49.pdf","https://www.clintonlibrary.gov/sites/default/files/finding_aids_a_z/2026-01/2015-0782-M-2.pdf"
"58","1998-02-02","Telcon","Review fields","classification marking","Telephone call with President Boris Yeltsin of Russia, February 2, 1998, White House","Telephone Conversation with Russian President Boris Yeltsin","President Clinton Russian President Boris Yeltsin Interpreter: Dimitri Zarechnak Notetakers: Jim Smith, Pat O'Shaughnessy, Jeff Rathke, Cindy Lawrence, Ki Fort, Bill Courtney","Jim Smith, Pat O'Shaughnessy, Jeff Rathke, Cindy Lawrence, Ki Fort, Bill Courtney","Dimitri Zarechnak","February 2, 1998, 9:31-9:51 a.m. EST The White House","","Glyn T. Davies","1.5 (d)","2/1/08","DECLASSIFIED | PER E.0.13526 ^ | Declassify On: 2/1/08","361-365","236-239","https://therealjameswilson.github.io/Clinton-Russia-High-Level/public/documents/1998-02-02-telcon-50.pdf","https://www.clintonlibrary.gov/sites/default/files/finding_aids_a_z/2026-01/2015-0782-M-2.pdf"
"59","1998-02-23","Telcon","Parsed","","Telephone call with President Boris Yeltsin of Russia, February 23, 1998, White House","Telephone Conversation with Russian President Boris Yeltsin [J^]","President Clinton Russian President Boris Yeltsin Interpreter: Peter Afansenko Notetakers: Pat O'Shaughnessy, Tom Corwell, Bonnie Click, Jeff Rathke, Jim Smith, Rexon Ryu, Ki Fort","Pat O'Shaughnessy, Tom Corwell, Bonnie Click, Jeff Rathke, Jim Smith, Rexon Ryu, Ki Fort","Peter Afansenko","February 23, 1998, 11:01 - 11:17 a.m. EST The White House","-CONFIDENTIAL '{eNHflBfll; 1337","Glyn T. Davies DECLASSIFIED","1.5 (d)","2/22/08","Classified by: Glyn T. Davies DECLASSIFIED | Declassify On: 2/22/08 | PER E.0.13526 ^","366-370","253-256","https://therealjameswilson.github.io/Clinton-Russia-High-Level/public/documents/1998-02-23-telcon-51.pdf","https://www.clintonlibrary.gov/sites/default/files/finding_aids_a_z/2026-01/2015-0782-M-2.pdf"
"60","1998-04-06","Telcon","Parsed","","Telephone call with President Boris Yeltsin of Russia, April 6, 1998, White House","Telephone Conversation with Russian President Yeltsin (","President Clinton Russian President Boris Yeltsin M. Interpreter: (.Peter Afanasenko Notetakers: Larry Wright, Bob Ford, Anthony Campanella, George Chastain, James Smith","Larry Wright, Bob Ford, Anthony Campanella, George Chastain, James Smith","(.Peter Afanasenko","April 6, 1998, 10:01-10:28 EDT Oval Office","-SECRET^ DECLASSIFIED","Glyn T. Davies PER E.0.13526","1.5 (b) Xa\S- aTax l^ 'X. p)","4/5/08 i/\i/XO\3 K8M","-SECRET^ DECLASSIFIED | Classified by: Glyn T. Davies PER E.0.13526 | Declassify On: 4/5/08 i/\i/XO\3 K8M","371-376","274-278","https://therealjameswilson.github.io/Clinton-Russia-High-Level/public/documents/1998-04-06-telcon-52.pdf","https://www.clintonlibrary.gov/sites/default/files/finding_aids_a_z/2026-01/2015-0782-M-2.pdf"
"61","1998-05-12","Telcon","Review fields","classification marking","Telephone call with President Boris Yeltsin of Russia, May 12, 1998, White House","Telephone Conversation with Russian President Boris Yeltsin","The President Russian President Boris Yeltsin Interpreter: Dimitry Zarechnak Notetaker: Larry Wright, Tom Crowell, Bonnie Click, James Smith, Sean Rice, Ki Fort, Jon Elkind","Larry Wright, Tom Crowell, Bonnie Click, James Smith, Sean Rice, Ki Fort, Jon Elkind","Dimitry Zarechnak","May 12, 1998, 11:01 - 11:27 EDT Oval Office","","Glyn T. Davies DECLASSIFIED","1.5 (d) PER E.0.13526","5/12/08 2.015' 0-781- n-Ov 13 j","Classified by: Glyn T. Davies DECLASSIFIED | Reason: 1.5 (d) PER E.0.13526 | Declassify On: 5/12/08 2.015' 0-781- n-Ov 13 j","377-382","286-290","https://therealjameswilson.github.io/Clinton-Russia-High-Level/public/documents/1998-05-12-telcon-53.pdf","https://www.clintonlibrary.gov/sites/default/files/finding_aids_a_z/2026-01/2015-0782-M-2.pdf"
"62","1998-05-17","Memcon","Review fields","classification marking","Meeting with President Boris Yeltsin of Russia, May 17, 1998, Birmingham, England","President Boris Yeltsin of Russia","The President Samuel Berger, Assistant to the President for National Security Affairs Strobe Talbott, Deputy Secretary of State Peter Afanasenko, Interpreter President Boris Yeltsin Sergei Yastrzhembsky, Deputy Chief of Presidential Administration Georgy Mamedov, Deputy Foreign Minister Interpreter","","","May 17, 1998 — 11:47 a.m. - 12:33 p.m. Birmingham, England","","Glyn T. Davies","1.5(d)","5/22/08 CLINTON LIBRARY PHOTOCOPY","THE WHITE HOUSE declassified | WASH I NGTON per E.0.13526, | Declassify On: 5/22/08 CLINTON LIBRARY PHOTOCOPY","383-391","312-319","https://therealjameswilson.github.io/Clinton-Russia-High-Level/public/documents/1998-05-17-memcon-54.pdf","https://www.clintonlibrary.gov/sites/default/files/finding_aids_a_z/2026-01/2015-0782-M-2.pdf"
"63","1998-05-21","Telcon","Review fields","classification marking","Telephone call with President Boris Yeltsin of Russia, May 21, 1998, White House","Telephone Conversation with Russian President Boris Yeltsin ^","The President President Boris Yeltsin Interpreter: Peter Afanasenko Notetakers: Larry Wright, Bonnie Click, James Smith, Peter Huggins, Jenny McGee, Pat 0'Shaughnessy, Ki Fort","Larry Wright, Bonnie Click, James Smith, Peter Huggins, Jenny McGee, Pat 0'Shaughnessy, Ki Fort","Peter Afanasenko","May 21, 1998, 10:41-1052 a.m. EDT, Oval Office","","Glyn T. Davies PER E.0.13526","1.5 (b)","5/20/08 3/\yax>i« K8h","Classified by: Glyn T. Davies PER E.0.13526 | Declassify On: 5/20/08 3/\yax>i« K8h","392-395","301-303","https://therealjameswilson.github.io/Clinton-Russia-High-Level/public/documents/1998-05-21-telcon-55.pdf","https://www.clintonlibrary.gov/sites/default/files/finding_aids_a_z/2026-01/2015-0782-M-2.pdf"
"64","1998-05-28","Telcon","Review fields","classification marking","Telephone call with President Boris Yeltsin of Russia, May 28, 1998, White House","Telephone Conversation with Russian President Boris Yeltsin","The President President Boris Yeltsin Interpreter: Kyrill Borissow Notetaker: Cindy Lawrence","Cindy Lawrence","Kyrill Borissow","May 28, 1998, 11:53 a.m. - 12:14 p.m. EDT, Oval Office","","Glyn T. Davies DECLASSIFIED","1.5(b) PER E.0,13526 ^","5/28/08","Classified by: Glyn T. Davies DECLASSIFIED | Declassify on: 5/28/08","396-400","329-332","https://therealjameswilson.github.io/Clinton-Russia-High-Level/public/documents/1998-05-28-telcon-56.pdf","https://www.clintonlibrary.gov/sites/default/files/finding_aids_a_z/2026-01/2015-0782-M-2.pdf"
"65","1998-06-15","Telcon","Review fields","classification marking","Telephone call with President Boris Yeltsin of Russia, June 15, 1998, White House","Telephone Conversation with Russian President Boris Yeltsin","The President President Boris Yeltsin Interpreter: Kyrill Borissow Notetakers: Bob Ford, Cindy Lawrence, Andrew Weiss","Bob Ford, Cindy Lawrence, Andrew Weiss","Kyrill Borissow","June 15, 1998, 1:21 p.m, - 1:57 p.m. EDT, Oval Office","","Glyn T. Davies DECLASSIFIED","1.5(b) PER E.0.13526","6/19/08 2Lo\5-o732.- X","Classified by: Glyn T. Davies DECLASSIFIED | Reason: 1.5(b) PER E.0.13526 | Declassify on: 6/19/08 2Lo\5-o732.- X","401-406","342-346","https://therealjameswilson.github.io/Clinton-Russia-High-Level/public/documents/1998-06-15-telcon-57.pdf","https://www.clintonlibrary.gov/sites/default/files/finding_aids_a_z/2026-01/2015-0782-M-2.pdf"
"66","1998-06-16","Telcon","Review fields","classification marking","Telephone call with President Boris Yeltsin of Russia, June 16, 1998, White House","Telephone Conversation wit^ Russian President Boris Yeltsin","The President President Boris Yeltsin Interpreter: Dimitry Zarechnak Notetakers: Tom Crowell, Nick Dowling, Bonnie Click, Joel Schrader, James Smith, Andrew Weiss","Tom Crowell, Nick Dowling, Bonnie Click, Joel Schrader, James Smith, Andrew Weiss","Dimitry Zarechnak","June 16, 1998, 10:50 a.m - 10:58 a.m. EDT, Oval Office","","Glyn T. Davies DECLASSIFIED","1.5(b) PER E.0.13526 ^ ^","6/19/08","Classified by: Glyn T. Davies DECLASSIFIED | Reason: 1.5(b) PER E.0.13526 ^ ^ | Declassify on: 6/19/08","407-409","359-360","https://therealjameswilson.github.io/Clinton-Russia-High-Level/public/documents/1998-06-16-telcon-59.pdf","https://www.clintonlibrary.gov/sites/default/files/finding_aids_a_z/2026-01/2015-0782-M-2.pdf"
"67","1998-07-10","Telcon","Review fields","classification marking","Telephone call with President Boris Yeltsin of Russia, July 10, 1998, White House","Telephone Conversation with Russian President Boris Yeltsin","The President President Boris Yeltsin Interpreter: Dimitry Zarechnak Notetakers: Jim Smith, Jeff Rathke, Lyle Harrison, Doug Baylel, Andrew Weiss","Jim Smith, Jeff Rathke, Lyle Harrison, Doug Baylel, Andrew Weiss","Dimitry Zarechnak","July 10, 1998, 1:19 p.m. - 1:38 p.m. EDT, Oval Office","","Glyn T. Davies DECLASSIFIED","1.5(d) PER E.0.13526.","7/10/08 0.015--o73iL-Ph-","Classified by: Glyn T. Davies DECLASSIFIED | Reason: 1.5(d) PER E.0.13526. | Declassify On: 7/10/08 0.015--o73iL-Ph-","410-414","371-374","https://therealjameswilson.github.io/Clinton-Russia-High-Level/public/documents/1998-07-10-telcon-60.pdf","https://www.clintonlibrary.gov/sites/default/files/finding_aids_a_z/2026-01/2015-0782-M-2.pdf"
"68","1998-08-14","Telcon","Review fields","classification marking","Telephone call with President Boris Yeltsin of Russia, August 14, 1998, White House","Telephone Conversation with Russian President Yeltsin {^)","President Clinton Russian President Boris Yeltsin Interpreter: Kyril Borissow Notetakers: Cindy Lawrence, Sean Tarver, Frank Jarosinski, Robert Ford, Daniel Kunin, Andrew Weiss","Cindy Lawrence, Sean Tarver, Frank Jarosinski, Robert Ford, Daniel Kunin, Andrew Weiss","Kyril Borissow","August 14, 1998, 10:30 a.m.- 11:06 a.m. EDT, Oval Office","","Glyn T. Davies DECLASSmEB","1.5 (d) PER E.0.13S26","08/17/08 ^15- n- X (i'll!","Classified by: Glyn T. Davies DECLASSmEB | Declassify on: 08/17/08 ^15- n- X (i'll!","415-421","384-389","https://therealjameswilson.github.io/Clinton-Russia-High-Level/public/documents/1998-08-14-telcon-61.pdf","https://www.clintonlibrary.gov/sites/default/files/finding_aids_a_z/2026-01/2015-0782-M-2.pdf"
"69","1998-08-25","Telcon","Review fields","classification marking; notetaker","Telephone call with President Boris Yeltsin of Russia, August 25, 1998, Martha's Vineyard, Massachusetts","Telephone Conversation with Russian President Yeltsin 0Zl","The President Russian President Yeltsin Interpreter: Dmitry Zarechnak Note Takers: Larry Wright, Matt Sibley, Jonathan Elkind, Andrew Weiss","","Dmitry Zarechnak Note Takers: Larry Wright, Matt Sibley, Jonathan Elkind, Andrew Weiss","August 25, 1998, 9:39 a.m. - 10:08 a.m. EDT Martha's Vineyard","","Glyn T. Davies","1.5(d) PER E.0.13526","8/26/08","DECLASSIFIED | Reason: 1.5(d) PER E.0.13526 | Declassify on: 8/26/08","422-426","405-408","https://therealjameswilson.github.io/Clinton-Russia-High-Level/public/documents/1998-08-25-telcon-62.pdf","https://www.clintonlibrary.gov/sites/default/files/finding_aids_a_z/2026-01/2015-0782-M-2.pdf"
"70","1998-09-12","Telcon","Review fields","classification marking","Telephone call with President Boris Yeltsin of Russia, September 12, 1998, White House","Telephone Conversation with Russian President Boris Yeltsin on September 12","The President Russian President Boris Yeltsin Interpreter: Dmitry Zarechnak Notetakers: Bonnie Click, Liz Rogers, Cindy Lawrence, Matt Sibley, Joel Schrader","Bonnie Click, Liz Rogers, Cindy Lawrence, Matt Sibley, Joel Schrader","Dmitry Zarechnak","September 12, 1998, 11:32 - 11:59 a.m. EDT; Oval Office","","Glyn T. Davies DECLASSIFIED","1.5b, i PER E.0.13526","","Classified by: Glyn T. Davies DECLASSIFIED | Reason: 1.5b, i PER E.0.13526 | Declassify On:","427-431","422-425","https://therealjameswilson.github.io/Clinton-Russia-High-Level/public/documents/1998-09-12-telcon-64.pdf","https://www.clintonlibrary.gov/sites/default/files/finding_aids_a_z/2026-01/2015-0782-M-2.pdf"
"71","1998-10-05","Telcon","Parsed","","Telephone call with President Boris Yeltsin of Russia, October 5, 1998, White House","Telephone Conversation with Russian President Boris Yeltsin","President Clinton Russian President Yeltsin Interpreter: Peter Afanasenko Notetakers: Tony Campariella, Liz Rogers, Robin Rickard, Joel Schrader, Chris Bell","Tony Campariella, Liz Rogers, Robin Rickard, Joel Schrader, Chris Bell","Peter Afanasenko","October 5, 1998, 12:01 - 12:18 p.m. EDT, Oval Office","CONFIDENTIAL- 6863","Glyn T. Davies","1.5(d)","10/7/08","DECLASSIFIED | PER E.0.13526 ^ | Declassify On: 10/7/08","432-434","3-5","https://therealjameswilson.github.io/Clinton-Russia-High-Level/public/documents/1998-10-05-clinton-yeltsin-telcon-actual-pages.pdf","https://clinton.presidentiallibraries.us/files/original/dac856cd6bbd10b93c2eb815862bce44.pdf"
"72","1998-12-30","Telcon","Review fields","classification marking","Telephone call with President Boris Yeltsin of Russia, December 30, 1998, White House","Telephone Conversa~~ with Russian President Yeltsin~J",".President Clinton President Boris Yel in Interpreter: Dmitry Zarechnak Notetakers: David Higgins, Matt Sibley, Doug Bayley, Jim Smith","David Higgins, Matt Sibley, Doug Bayley, Jim Smith","Dmitry Zarechnak","December 30, 1998, 10:00-10:33 a.m., Oval Of ce","","Glyn T. Davies DECLASSIFIED","1.S(b) PER E.O. 13526","","Classified by: Glyn T. Davies DECLASSIFIED | DeclassiOn:","435-439","1-5","https://therealjameswilson.github.io/Clinton-Russia-High-Level/public/documents/1998-12-30-clinton-yeltsin-telcon-actual-pages.pdf","https://clinton.presidentiallibraries.us/files/original/1ec29c3214c0ccb6c6ed30fd7e5b06af.pdf"
"73","1999-03-24","Telcon","Parsed","","Telephone call with President Boris Yeltsin of Russia, March 24, 1999, White House","Telephone Conversation with Russian President Yeltsin","The President President Yeltsin Interpreter: Yuri Shkeyrov Notetakers: Jenny McGee, Miles Murphy, Joel Schrader, James Smith, Andrew Weiss","Jenny McGee, Miles Murphy, Joel Schrader, James Smith, Andrew Weiss","Yuri Shkeyrov","March 24, 1998, 9:20 - 9:56 a.m. Oval Office","-SECRET 2107","Glyn T. Davies","","","WASH I NGTON DECLASSIFIED | PER E.0.13526. | Declassify'on-’ 3/25/09 CLINTON UBRARY PHOTOCOPY","440-445","432-436","https://therealjameswilson.github.io/Clinton-Russia-High-Level/public/documents/1999-03-24-telcon-68.pdf","https://www.clintonlibrary.gov/sites/default/files/finding_aids_a_z/2026-01/2015-0782-M-2.pdf"
"74","1999-04-19","Telcon","Review fields","classification marking","Telephone call with President Boris Yeltsin of Russia, April 19, 1999, White House","Telephone Conversation with Russian President Yeltsin tsi","President Clinton President Boris Yeltsin Notetakers: Robert Ford, Michael T. Manning, Roger Merletti, Matt Sibley, Jim Smith, Andrew Weiss Interpreter: Nikolai Sorokin","Robert Ford, Michael T. Manning, Roger Merletti, Matt Sibley, Jim Smith, Andrew Weiss","Nikolai Sorokin","April 19, 1999, 9:30 - 10:13 a.m. EDT, Oval Office","","Glyn T. Davies","1.5(d)","4/20/09","DECLASSIFIED | PER E.0.13526. | Declassify On: 4/20/09","446-452","438-443","https://therealjameswilson.github.io/Clinton-Russia-High-Level/public/documents/1999-04-19-telcon-69.pdf","https://www.clintonlibrary.gov/sites/default/files/finding_aids_a_z/2026-01/2015-0782-M-2.pdf"
"75","1999-04-25","Telcon","Parsed","","Telephone call with President Boris Yeltsin of Russia, April 25, 1999, Washington, D.C.","Telephone Conversation with Russian President Yeltsin ^","President Clinton President Boris Yeltsin Notetakers: George Chastain, Doug Bailey, Frank Jarosinski, Joel Schrader, Andrew Weiss Interpreter: Yuriy Shkeyrov,","George Chastain, Doug Bailey, Frank Jarosinski, Joel Schrader, Andrew Weiss","Yuriy Shkeyrov,","April 25, 1999, 10:35 - 11:58 a.m. EDT, NATO Summit Trip Building","■■SEGR.ETL","Glyn T. Davies","1.5(d) CLINTON LIBRARY PHOTOCOPY","4/26/09","per E.0.13526 | Declassify On: 4/26/09","453-465","445-456","https://therealjameswilson.github.io/Clinton-Russia-High-Level/public/documents/1999-04-25-telcon-70.pdf","https://www.clintonlibrary.gov/sites/default/files/finding_aids_a_z/2026-01/2015-0782-M-2.pdf"
"76","1999-05-02","Telcon","Review fields","classification marking","Telephone call with President Boris Yeltsin of Russia, May 2, 1999, White House","Telephone Conversation with Russian President Yeltsin (X)","The President Russian President Yeltsin Notetakers: Tony Campanella, Elizabeth Rogers, Michael Manning, Sean Tarver, Andrew Weiss Interpreter: Peter Afanasenko","Tony Campanella, Elizabeth Rogers, Michael Manning, Sean Tarver, Andrew Weiss","Peter Afanasenko","May 2, 1999, 10:18 - 10:31 a.m. EDT, Residence","","Glyn T. Davies","1.5(d) CLINTON LIBRARY PHOTOCOPY","4/26/09","WASH I NGTON declassified | PER E.0.13526 | Declassify On: 4/26/09","466-470","470-473","https://therealjameswilson.github.io/Clinton-Russia-High-Level/public/documents/1999-05-02-telcon-71.pdf","https://www.clintonlibrary.gov/sites/default/files/finding_aids_a_z/2026-01/2015-0782-M-2.pdf"
"77","1999-06-07","Telcon","Review fields","classification marking","Telephone call with President Boris Yeltsin of Russia, June 7, 1999, White House","Telcon with President Yeltsin of Russia (U)","The President Russian President Yeltsin Notetakers: Robin Rickard, James Smith Michael Manning, Roger Merletti, Stuart Kaufman Interpreter: Kyrill Borissow","Robin Rickard, James Smith Michael Manning, Roger Merletti, Stuart Kaufman","Kyrill Borissow","7 June 1999, 11:07 - 11:14 a.m. EST, Oval Office","","Glyn T. Davies","1.5(d)","06/08/09 CLINTON LIBRARY PHOTOCOPY","DECLASSIFIED | PER E.0.13526. | Declassify On: 06/08/09 CLINTON LIBRARY PHOTOCOPY","471-473","479-480","https://therealjameswilson.github.io/Clinton-Russia-High-Level/public/documents/1999-06-07-telcon-72.pdf","https://www.clintonlibrary.gov/sites/default/files/finding_aids_a_z/2026-01/2015-0782-M-2.pdf"
"78","1999-06-08","Telcon","Parsed","","Telephone call with President Boris Yeltsin of Russia, June 8, 1999, White House","Telephone Conversation with President Yeltsin of Russia","The President Russian President Yeltsin Interpreter: Nikolai Sorokin Notetakers: Bonnie Click, Sean Tarver, Roger Merletti, Don Cheramie","Bonnie Click, Sean Tarver, Roger Merletti, Don Cheramie","Nikolai Sorokin","June 8, 1999, 8:58 - 9:13 a.m., EST Oval Office","SECRET","Glyn T. Davies","1.5(d)","06/09/09 CLINTON LIBRARY PHOTOCOPY","DECLASSIFIED | June 9, 1999 PER E.0.13526. | Declassify On: 06/09/09 CLINTON LIBRARY PHOTOCOPY","474-477","482-484","https://therealjameswilson.github.io/Clinton-Russia-High-Level/public/documents/1999-06-08-telcon-73.pdf","https://www.clintonlibrary.gov/sites/default/files/finding_aids_a_z/2026-01/2015-0782-M-2.pdf"
"79","1999-06-10","Telcon","Parsed","","Telephone call with President Boris Yeltsin of Russia, June 10, 1999, White House","Telcon with President Yeltsin of Russia • (U)","The President Russian President Yeltsin Interpreter: Peter Afansenko Notetakers: George Chastain, Matt Sibley, Sean Tarver, Robert Ford, Roger Merletti, James Smith","George Chastain, Matt Sibley, Sean Tarver, Robert Ford, Roger Merletti, James Smith","Peter Afansenko","June 10, 1999, 10:40 - 10:50 a.m. EST Oval Office","-CONFIDENTIAL 4501","Glyn T. Davies","1.5(d) CLINTON LIBRARY PHOTOCOPY","06/11/09","DECLASSIFIED | PER E.0.13526 | Declassify on: 06/11/09","478-480","488-489","https://therealjameswilson.github.io/Clinton-Russia-High-Level/public/documents/1999-06-10-telcon-74.pdf","https://www.clintonlibrary.gov/sites/default/files/finding_aids_a_z/2026-01/2015-0782-M-2.pdf"
"80","1999-06-13","Telcon","Parsed","","Telephone call with President Boris Yeltsin of Russia, June 13, 1999, White House","Telephone Conversation with Russian President Yeltsin","The President President Yeltsin INTERPRETER; Nikolai Sorokin Notetakers: Joel Schrader, Jenny McGee, Miles Murphy, and Doug Bayley","Joel Schrader, Jenny McGee, Miles Murphy, and Doug Bayley","Nikolai Sorokin","June 13, 1999, 9:07 - 10:05 a.m. Oval Office","■SECRET"" 5271","","1.5 (d) PERE.0.13526","7/12/09 073X- r^-'X","DECLASSIFIED | Reason: 1.5 (d) PERE.0.13526 | Declassify On: 7/12/09 073X- r^-'X","481-488","531-537","https://therealjameswilson.github.io/Clinton-Russia-High-Level/public/documents/1999-06-13-telcon-75.pdf","https://www.clintonlibrary.gov/sites/default/files/finding_aids_a_z/2026-01/2015-0782-M-2.pdf"
"81","1999-06-14","Telcon","Review fields","classification marking","Telephone call with President Boris Yeltsin of Russia, June 14, 1999, White House","Telephone Conversation with Russian President Yeltsin i^)","The President President Yeltsin INTERPRETER; Nikolai Sorokin Notetakers: Joel Schrader, Miles Murphy, Matt Sibley, Joel Ehrendreich, Roger Merletti, Doug Bayley, and Andrew Weiss","Joel Schrader, Miles Murphy, Matt Sibley, Joel Ehrendreich, Roger Merletti, Doug Bayley, and Andrew Weiss","Nikolai Sorokin","June 14, 1999, 10:06 - 10:32 a.m. Oval Office","","","1.5(b) ois%.r^-x(i.zn^","7/7/09 3/15/:u>v3 K8h","DECLASSIFIED | ■ 5-E6RET PER E.0.13526 | Declassify On: 7/7/09 3/15/:u>v3 K8h","489-493","521-524","https://therealjameswilson.github.io/Clinton-Russia-High-Level/public/documents/1999-06-14-telcon-76.pdf","https://www.clintonlibrary.gov/sites/default/files/finding_aids_a_z/2026-01/2015-0782-M-2.pdf"
"82","1999-06-20","Memcon","Review fields","classification marking","Meeting with President Boris Yeltsin of Russia, June 20, 1999, Cologne, Germany","MEMORANDUM OF CONVERSATION","The President Secretary Albright Samuel Berger Deputy Secretary Talbott President Yeltsin Minister Ivanov Minister Shapovalyants Foreign Policy Advisor Prikhodko Deputy Minister Mamedov Russian Interpreter Interpreter: Peter Afanasenko Notetaker: Carlos Pascual","Carlos Pascual","Peter Afanasenko","June 20, 1999, 1:00 - 2:00 p.m. Renaissance Hotel (Russians Host), Cologne, Germany","","Glyn T. Davies ■ PER E.0.13526","1.5 (b,d) 'Xo\5-o-rsx-(^-\ ftn')","6/25/09 3/\2/ 3LO\8 KSH","Classified by: Glyn T. Davies ■ PER E.0.13526 | Declassify On: 6/25/09 3/\2/ 3LO\8 KSH","494-503","497-505","https://therealjameswilson.github.io/Clinton-Russia-High-Level/public/documents/1999-06-20-memcon-77.pdf","https://www.clintonlibrary.gov/sites/default/files/finding_aids_a_z/2026-01/2015-0782-M-2.pdf"
"83","1999-09-08","Telcon","Review fields","participants; notetaker; interpreter","Telephone call with President Boris Yeltsin of Russia, September 8, 1999, White House","Telephone Conversation with Russian President Yeltsin PARTICIP7\NTS The President President Yeltsin NOTETAKERS: Jenny McGee, Robert Ford, Michael T. Manning, Roger Merletti, Jim Smith, Andrew Weiss INTERPRETER: Kyrill Borissow","","","","September 8, 1999, 11:42 a.m. - 12:21 p.m., OEOB","-SEGRE'^","Robert A. Bradtke DECLASSIFIED","1.5(d)","t>78X-n-i 0","Classified by: Robert A. Bradtke DECLASSIFIED | PER E.0.13526 | Declassify On: t>78X-n-i 0","504-509","548-552","https://therealjameswilson.github.io/Clinton-Russia-High-Level/public/documents/1999-09-08-telcon-78.pdf","https://www.clintonlibrary.gov/sites/default/files/finding_aids_a_z/2026-01/2015-0782-M-2.pdf"
"84","1999-11-19","Memcon","Review fields","classification marking","Meeting with President Boris Yeltsin of Russia, November 19, 1999, Istanbul, Turkey","Meeting with Russian President Yeltsin","U.S..President Clinton Secretary Albright National Security Advisor Berger Deputy National Security Advisor Steinberg Ambassador Sestanovich Carlos Pascual Russia Russian President Yeltsin Foreign Minister Ivanov Kremlin Foreign Policy Advisor Prihodko Defense Minister Sergeyev Interpreter: Peter Afansenko Notetaker: Carlos Pascual DATE,. TIME November 19, 1999, 10:45 a.m.-ll:40 a.m. AND PLACE: Istanbul, Turkey","Carlos Pascual DATE,. TIME November 19, 1999, 10:45 a.m.-ll:40 a.m.","Peter Afansenko","DATE,. TIME November 19, 1999, 10:45 a.m.-ll:40 a.m.","","Robert A. Bradtke","1.5 (d)","12/11/09 CLINTON LIBRARY PHOTOCOPY","DECLASSIFIED | Declassify On: 12/11/09 CLINTON LIBRARY PHOTOCOPY","510-517","560-566","https://therealjameswilson.github.io/Clinton-Russia-High-Level/public/documents/1999-11-18-memcon-79.pdf","https://www.clintonlibrary.gov/sites/default/files/finding_aids_a_z/2026-01/2015-0782-M-2.pdf"
"85","1999-12-31","Telcon","Review fields","classification marking; interpreter","Telephone call with President Boris Yeltsin of Russia, December 31, 1999, White House","Telcon with Russian President Boris Yelstin","The President Russian President Yeltsin NOTETAKERS: Jenny McGee, Robert Ford, Joel Ehrendreich, and Sean Tarver","Jenny McGee, Robert Ford, Joel Ehrendreich, and Sean Tarver","","December 31, 1999, 09:02-09:22 p.m. EST Oval Office","","Robert A. Bradtke DECLASSIFIED","1.5d PER E.0.13526","12/31/09 ^cis-o-nx- n-% )","Classified by: Robert A. Bradtke DECLASSIFIED | Reason: 1.5d PER E.0.13526 | Declassify on: 12/31/09 ^cis-o-nx- n-% )","518-521","582-584","https://therealjameswilson.github.io/Clinton-Russia-High-Level/public/documents/1999-12-31-telcon-80.pdf","https://www.clintonlibrary.gov/sites/default/files/finding_aids_a_z/2026-01/2015-0782-M-2.pdf"
