sequence,date,type,packetPageStart,packetPageEnd,actualConversationPacketPages,provenanceSheetPacketPage,actualConversationPages,title,source,sourcePdfPages,derivativePdfUrl,sourcePacketUrl,frusSourceNote
"1","1993-01-23","Telcon","1","4","1-3","4","3","Telephone call with President Boris Yeltsin of Russia, January 23, 1993, White House","2015-0782-M-1","9-11","https://therealjameswilson.github.io/Clinton-Russia-High-Level/public/documents/1993-01-23-telcon-01.pdf","https://www.clintonlibrary.gov/sites/default/files/finding_aids_a_z/2026-05/2015-0782-M-1.pdf","Source: William J. Clinton Presidential Library, Clinton Presidential Records, Records of the National Security Council Records Management Office (Clinton Administration), NAID 7388808, Presidential Records Series (PRS) Files, NAID 7585721, Document ID 9300052, Original OA/ID 139, Mandatory Declassification Review 2015-0782-M-1, Declassified documents concerning Russian President Boris Yeltsin."
"2","1993-02-10","Telcon","5","8","5-7","8","3","Telephone call with President Boris Yeltsin of Russia, February 10, 1993, White House","2015-0782-M-1","19-21","https://therealjameswilson.github.io/Clinton-Russia-High-Level/public/documents/1993-02-10-telcon-02.pdf","https://www.clintonlibrary.gov/sites/default/files/finding_aids_a_z/2026-05/2015-0782-M-1.pdf","Source: William J. Clinton Presidential Library, Clinton Presidential Records, Records of the National Security Council Records Management Office (Clinton Administration), NAID 7388808, Presidential Records Series (PRS) Files, NAID 7585721, NSC Records Management, [Yeltsin and Telcons], OA/Box Number 140, Folder Title/Record ID 9300488, Mandatory Declassification Review 2015-0782-M-1, Declassified documents concerning Russian President Boris Yeltsin."
"3","1993-04-03","Memcon","9","18","9-17","18","9","Working Dinner with President Boris Yeltsin","2014-0901-M","9-17","https://therealjameswilson.github.io/Clinton-Russia-High-Level/public/documents/1993-04-03-clinton-yeltsin-vancouver-working-dinner.pdf","https://s3.amazonaws.com/NARAprodstorage/lz/presidential-libraries/clinton/wjc-nscrm/7585721/6-YeltsinVancouver.pdf","Source: William J. Clinton Presidential Library, Clinton Presidential Records, Records of the National Security Council Records Management Office (Clinton Administration), NAID 7388808, Presidential Records Series (PRS) Files, NAID 7585721, NSC Records Management, OA/Box Number 145, Folder Title/Record ID 9302226, National Archives Catalog item 2014-0901-M, Memcons between President William Jefferson Clinton and President Boris Yeltsin, NAID 163545404."
"4","1993-04-04","Memcon","19","31","19-30","31","12","Meeting with Russian President Boris Yeltsin on Security Issues","2014-0901-M","19-30","https://therealjameswilson.github.io/Clinton-Russia-High-Level/public/documents/1993-04-04-clinton-yeltsin-vancouver-security-issues.pdf","https://s3.amazonaws.com/NARAprodstorage/lz/presidential-libraries/clinton/wjc-nscrm/7585721/6-YeltsinVancouver.pdf","Source: William J. Clinton Presidential Library, Clinton Presidential Records, Records of the National Security Council Records Management Office (Clinton Administration), NAID 7388808, Presidential Records Series (PRS) Files, NAID 7585721, NSC Records Management, OA/Box Number 145, Folder Title/Record ID 9302226, National Archives Catalog item 2014-0901-M, Memcons between President William Jefferson Clinton and President Boris Yeltsin, NAID 163545404."
"5","1993-04-26","Telcon","32","34","32-33","34","2","Telephone call with President Boris Yeltsin of Russia, April 26, 1993, White House","2015-0782-M-1","51-52","https://therealjameswilson.github.io/Clinton-Russia-High-Level/public/documents/1993-04-26-telcon-05.pdf","https://www.clintonlibrary.gov/sites/default/files/finding_aids_a_z/2026-05/2015-0782-M-1.pdf","Source: William J. Clinton Presidential Library, Clinton Presidential Records, Records of the National Security Council Records Management Office (Clinton Administration), NAID 7388808, Presidential Records Series (PRS) Files, NAID 7585721, NSC Records Management, [Yeltsin and Telcons], OA/Box Number 147, Folder Title/Record ID 9302835, Mandatory Declassification Review 2015-0782-M-1, Declassified documents concerning Russian President Boris Yeltsin."
"6","1993-05-02","Telcon","35","37","35-36","37","2","Telephone call with President Boris Yeltsin of Russia, May 2, 1993, White House","2015-0782-M-1","60-61","https://therealjameswilson.github.io/Clinton-Russia-High-Level/public/documents/1993-05-02-telcon-06.pdf","https://www.clintonlibrary.gov/sites/default/files/finding_aids_a_z/2026-05/2015-0782-M-1.pdf","Source: William J. Clinton Presidential Library, Clinton Presidential Records, Records of the National Security Council Records Management Office (Clinton Administration), NAID 7388808, Presidential Records Series (PRS) Files, NAID 7585721, NSC Records Management, [Yeltsin and Telcons], OA/Box Number 148, Folder Title/Record ID 9303034, Mandatory Declassification Review 2015-0782-M-1, Declassified documents concerning Russian President Boris Yeltsin."
"7","1993-05-10","Telcon","38","40","38-39","40","2","Telephone call with President Boris Yeltsin of Russia, May 10, 1993, White House","2015-0782-M-1","68-69","https://therealjameswilson.github.io/Clinton-Russia-High-Level/public/documents/1993-05-10-telcon-07.pdf","https://www.clintonlibrary.gov/sites/default/files/finding_aids_a_z/2026-05/2015-0782-M-1.pdf","Source: William J. Clinton Presidential Library, Clinton Presidential Records, Records of the National Security Council Records Management Office (Clinton Administration), NAID 7388808, Presidential Records Series (PRS) Files, NAID 7585721, NSC Records Management, [Yeltsin and Telcons], OA/Box Number 148, Folder Title/Record ID 9303261, Mandatory Declassification Review 2015-0782-M-1, Declassified documents concerning Russian President Boris Yeltsin."
"8","1993-06-28","Telcon","41","45","41-44","45","4","Telephone call with President Boris Yeltsin of Russia, June 28, 1993, White House","2015-0782-M-1","76-79","https://therealjameswilson.github.io/Clinton-Russia-High-Level/public/documents/1993-06-28-telcon-08.pdf","https://www.clintonlibrary.gov/sites/default/files/finding_aids_a_z/2026-05/2015-0782-M-1.pdf","Source: William J. Clinton Presidential Library, Clinton Presidential Records, Records of the National Security Council Records Management Office (Clinton Administration), NAID 7388808, Presidential Records Series (PRS) Files, NAID 7585721, NSC Records Management, [Yeltsin and Telcons], OA/Box Number 152, Folder Title/Record ID 9304871, Mandatory Declassification Review 2015-0782-M-1, Declassified documents concerning Russian President Boris Yeltsin."
"9","1993-07-10","Memcon","46","55","46-54","55","9","Meeting with President Boris Yeltsin of Russia, July 10, 1993, Tokyo, Japan","2015-0782-M-1","81-89","https://therealjameswilson.github.io/Clinton-Russia-High-Level/public/documents/1993-07-10-memcon-09.pdf","https://www.clintonlibrary.gov/sites/default/files/finding_aids_a_z/2026-05/2015-0782-M-1.pdf","Source: William J. Clinton Presidential Library, Clinton Presidential Records, Records of the National Security Council Records Management Office (Clinton Administration), NAID 7388808, Presidential Records Series (PRS) Files, NAID 7585721, Document ID 9305178, Original OA/ID 153, Mandatory Declassification Review 2014-0996-M, Declassified documents concerning Russian President Boris Yeltsin."
"10","1993-09-07","Telcon","56","60","56-59","60","4","Telephone call with President Boris Yeltsin of Russia, September 7, 1993, White House","2015-0782-M-1","95-98","https://therealjameswilson.github.io/Clinton-Russia-High-Level/public/documents/1993-09-07-telcon-10.pdf","https://www.clintonlibrary.gov/sites/default/files/finding_aids_a_z/2026-05/2015-0782-M-1.pdf","Source: William J. Clinton Presidential Library, Clinton Presidential Records, Records of the National Security Council Records Management Office (Clinton Administration), NAID 7388808, Presidential Records Series (PRS) Files, NAID 7585721, NSC Records Management, [Yeltsin and Telcons], OA/Box Number 160, Folder Title/Record ID 9306715, Mandatory Declassification Review 2015-0782-M-1, Declassified documents concerning Russian President Boris Yeltsin."
"11","1993-09-21","Telcon","61","64","61-63","64","3","Telephone call with President Boris Yeltsin of Russia, September 21, 1993, White House","2015-0782-M-1","107-109","https://therealjameswilson.github.io/Clinton-Russia-High-Level/public/documents/1993-09-21-telcon-11.pdf","https://www.clintonlibrary.gov/sites/default/files/finding_aids_a_z/2026-05/2015-0782-M-1.pdf","Source: William J. Clinton Presidential Library, Clinton Presidential Records, Records of the National Security Council Records Management Office (Clinton Administration), NAID 7388808, Presidential Records Series (PRS) Files, NAID 7585721, NSC Records Management, [Yeltsin and Telcons], OA/Box Number 163, Folder Title/Record ID 9307171, Mandatory Declassification Review 2015-0782-M-1, Declassified documents concerning Russian President Boris Yeltsin."
"12","1993-10-05","Telcon","65","68","65-67","68","3","Telephone call with President Boris Yeltsin of Russia, October 5, 1993, Air Force One","2015-0782-M-1","119-121","https://therealjameswilson.github.io/Clinton-Russia-High-Level/public/documents/1993-10-05-telcon-12.pdf","https://www.clintonlibrary.gov/sites/default/files/finding_aids_a_z/2026-05/2015-0782-M-1.pdf","Source: William J. Clinton Presidential Library, Clinton Presidential Records, Records of the National Security Council Records Management Office (Clinton Administration), NAID 7388808, Presidential Records Series (PRS) Files, NAID 7585721, NSC Records Management, [Yeltsin and Telcons], OA/Box Number 165, Folder Title/Record ID 9307653, Mandatory Declassification Review 2015-0782-M-1, Declassified documents concerning Russian President Boris Yeltsin."
"13","1993-12-22","Telcon","69","73","69-72","73","4","Telephone call with President Boris Yeltsin of Russia, December 22, 1993, White House","2015-0782-M-1","142-145","https://therealjameswilson.github.io/Clinton-Russia-High-Level/public/documents/1993-12-22-telcon-13.pdf","https://www.clintonlibrary.gov/sites/default/files/finding_aids_a_z/2026-05/2015-0782-M-1.pdf","Source: William J. Clinton Presidential Library, Clinton Presidential Records, Records of the National Security Council Records Management Office (Clinton Administration), NAID 7388808, Presidential Records Series (PRS) Files, NAID 7585721, NSC Records Management, [Yeltsin and Telcons], OA/Box Number 178, Folder Title/Record ID 9309998, Mandatory Declassification Review 2015-0782-M-1, Declassified documents concerning Russian President Boris Yeltsin."
"14","1994-01-13","Memcon","74","79","74-79","","6","One-on-One Meeting with President Boris Yeltsin of Russia","clinton-item-101363","1-6","https://therealjameswilson.github.io/Clinton-Russia-High-Level/public/documents/clinton-standalone-1994-01-13-memcon-one-on-one.pdf","https://clinton.presidentiallibraries.us/files/original/19662f645b0b622a95717322e238c1ec.pdf","Source: William J. Clinton Presidential Library, Clinton Digital Library item 101363, ""Memorandum of Conversation - President Boris Yeltsin of Russia,"" January 13, 1994, part of 2016-0117-M, Memcons - Memoranda of Conversation."
"15","1994-01-13","Memcon","80","90","80-90","","11","President's dinner with President Yeltsin, January 13/14, 1994","clinton-item-101370","1-11","https://therealjameswilson.github.io/Clinton-Russia-High-Level/public/documents/clinton-standalone-1994-01-13-yeltsin-dinner-cable.pdf","https://clinton.presidentiallibraries.us/files/original/c016beef71be071cd9c96fcf0972fd57.pdf","Source: William J. Clinton Presidential Library, Clinton Digital Library item 101370, ""Memorandum of Conversation - President Boris Yeltsin of Russia,"" January 13, 1994, part of 2016-0117-M, Memcons - Memoranda of Conversation. Item description: ""This Memcon was received as a NSC Cable."""
"16","1994-01-14","Memcon","91","93","91-93","","3","Trilateral Meeting with President Boris Yeltsin of Russia on Security Issues","F-2017-13804","State FOIA document C06694499, conversation pages 1-3","https://therealjameswilson.github.io/Clinton-Russia-High-Level/public/documents/1994-01-14-memcon-trilateral-yeltsin-kravchuk.pdf","https://drive.google.com/file/d/1mA2m1fonXTwvzmbdVLzjWV7iGpBWAC1r/view","Source: Department of State, FOIA Virtual Reading Room, Strobe Talbott FOIA release, case F-2017-13804, document C06694499."
"17","1994-01-14","Memcon","94","101","94-101","","8","Second Expanded Bilateral Session with President Boris Yeltsin of Russia","F-2017-13804","State FOIA document C06694502, conversation pages 1-8","https://therealjameswilson.github.io/Clinton-Russia-High-Level/public/documents/1994-01-14-memcon-second-expanded-bilateral-session.pdf","https://drive.google.com/file/d/1pr42yhINujL_px_Y5aXD_MmChhc5sy9v/view","Source: Department of State, FOIA Virtual Reading Room, Strobe Talbott FOIA release, case F-2017-13804, document C06694502."
"18","1994-01-15","Memcon","102","103","102-103","","2","One-on-One Meeting with President Boris Yeltsin of Russia","clinton-item-101364","1-2","https://therealjameswilson.github.io/Clinton-Russia-High-Level/public/documents/clinton-standalone-1994-01-15-memcon-one-on-one.pdf","https://clinton.presidentiallibraries.us/files/original/67bc3e4fc7cc0ed1ba4f438e510624d8.pdf","Source: William J. Clinton Presidential Library, Clinton Digital Library item 101364, ""Memorandum of Conversation - President Boris Yeltsin of Russia,"" January 15, 1994, part of 2016-0117-M, Memcons - Memoranda of Conversation."
"19","1994-02-20","Telcon","104","107","104-106","107","3","Telephone call with President Boris Yeltsin of Russia, February 20, 1994, White House White House","2015-0782-M-1","155-157","https://therealjameswilson.github.io/Clinton-Russia-High-Level/public/documents/1994-02-20-telcon-16.pdf","https://www.clintonlibrary.gov/sites/default/files/finding_aids_a_z/2026-05/2015-0782-M-1.pdf","Source: William J. Clinton Presidential Library, Clinton Presidential Records, Records of the National Security Council Records Management Office (Clinton Administration), NAID 7388808, Presidential Records Series (PRS) Files, NAID 7585721, NSC Records Management, [Yeltsin and Telcons], OA/Box Number 470, Folder Title/Record ID 9401529, Mandatory Declassification Review 2015-0782-M-1, Declassified documents concerning Russian President Boris Yeltsin."
"20","1994-04-10","Telcon","108","111","108-110","111","3","Telephone call with President Boris Yeltsin of Russia, April 10, 1994, White House","2015-0782-M-1","164-166","https://therealjameswilson.github.io/Clinton-Russia-High-Level/public/documents/1994-04-10-telcon-17.pdf","https://www.clintonlibrary.gov/sites/default/files/finding_aids_a_z/2026-05/2015-0782-M-1.pdf","Source: William J. Clinton Presidential Library, Clinton Presidential Records, Records of the National Security Council Records Management Office (Clinton Administration), NAID 7388808, Presidential Records Series (PRS) Files, NAID 7585721, NSC Records Management, [Yeltsin and Telcons], OA/Box Number 472, Folder Title/Record ID 9402775, Mandatory Declassification Review 2015-0782-M-1, Declassified documents concerning Russian President Boris Yeltsin."
"21","1994-04-20","Telcon","112","116","112-115","116","4","Telephone call with President Boris Yeltsin of Russia, April 20, 1994, White House","2015-0782-M-1","181-184","https://therealjameswilson.github.io/Clinton-Russia-High-Level/public/documents/1994-04-20-telcon-18.pdf","https://www.clintonlibrary.gov/sites/default/files/finding_aids_a_z/2026-05/2015-0782-M-1.pdf","Source: William J. Clinton Presidential Library, Clinton Presidential Records, Records of the National Security Council Records Management Office (Clinton Administration), NAID 7388808, Presidential Records Series (PRS) Files, NAID 7585721, NSC Records Management, [Yeltsin and Telcons], OA/Box Number 472, Folder Title/Record ID 9403047, Mandatory Declassification Review 2015-0782-M-1, Declassified documents concerning Russian President Boris Yeltsin."
"22","1994-06-13","Telcon","117","121","117-120","121","4","Telephone Call with President Boris Yeltsin of Russia, June 13, 1994, White House","2015-0782-M-1","191-194","https://therealjameswilson.github.io/Clinton-Russia-High-Level/public/documents/1994-06-13-telcon-20.pdf","https://www.clintonlibrary.gov/sites/default/files/finding_aids_a_z/2026-05/2015-0782-M-1.pdf","Source: William J. Clinton Presidential Library, Clinton Presidential Records, Records of the National Security Council Records Management Office (Clinton Administration), NAID 7388808, Presidential Records Series (PRS) Files, NAID 7585721, Document ID 9404692, Original OA/ID 475, Mandatory Declassification Review 2015-0782-M-1, Declassified documents concerning Russian President Boris Yeltsin."
"23","1994-07-05","Telcon","122","125","122-124","125","3","Telephone call with President Boris Yeltsin of Russia, July 5, 1994, White House","2015-0782-M-1","202-204","https://therealjameswilson.github.io/Clinton-Russia-High-Level/public/documents/1994-07-05-telcon-21.pdf","https://www.clintonlibrary.gov/sites/default/files/finding_aids_a_z/2026-05/2015-0782-M-1.pdf","Source: William J. Clinton Presidential Library, Clinton Presidential Records, Records of the National Security Council Records Management Office (Clinton Administration), NAID 7388808, Presidential Records Series (PRS) Files, NAID 7585721, NSC Records Management, [Yeltsin and Telcons], OA/Box Number 477, Folder Title/Record ID 9405387, Mandatory Declassification Review 2015-0782-M-1, Declassified documents concerning Russian President Boris Yeltsin."
"24","1994-09-27","Memcon","126","133","126-132","133","7","Clinton-Yeltsin one-on-one memcon, September 27, 1994","2015-0782-M-1","213-219","https://therealjameswilson.github.io/Clinton-Russia-High-Level/public/documents/1994-09-27-clinton-yeltsin-white-house-one-on-one.pdf","https://www.clintonlibrary.gov/sites/default/files/finding_aids_a_z/2026-05/2015-0782-M-1.pdf","Source: William J. Clinton Presidential Library, Clinton Presidential Records, Records of the National Security Council Records Management Office (Clinton Administration), NAID 7388808, Presidential Records Series (PRS) Files, NAID 7585721, NSC Records Management, [Yeltsin and Telcons], OA/Box Number 481, Folder Title/Record ID 9408090, Mandatory Declassification Review 2015-0782-M-1, Declassified documents concerning Russian President Boris Yeltsin."
"25","1994-09-27","Memcon","134","144","134-143","144","10","Meeting with President Boris Yeltsin of Russia, September 27, 1994, White House","2015-0782-M-1","251-260","https://therealjameswilson.github.io/Clinton-Russia-High-Level/public/documents/1994-09-27-clinton-yeltsin-expanded-security-session.pdf","https://www.clintonlibrary.gov/sites/default/files/finding_aids_a_z/2026-05/2015-0782-M-1.pdf","Source: William J. Clinton Presidential Library, Clinton Presidential Records, Records of the National Security Council Records Management Office (Clinton Administration), NAID 7388808, Presidential Records Series (PRS) Files, NAID 7585721, NSC Records Management, [Yeltsin and Telcons], OA/Box Number 482, Folder Title/Record ID 9408513, Mandatory Declassification Review 2015-0782-M-1, Declassified documents concerning Russian President Boris Yeltsin."
"26","1994-09-28","Memcon","145","150","145-150","","6","Second Clinton/Yeltsin One-on-One","clinton-item-101758","3-7,9","https://therealjameswilson.github.io/Clinton-Russia-High-Level/public/documents/clinton-standalone-1994-09-28-second-one-on-one.pdf","https://clinton.presidentiallibraries.us/files/original/2509827ca57f98e07eec584b3d69250f.pdf","Source: William J. Clinton Presidential Library, Clinton Digital Library item 101758, ""Declassified documents concerning telcon between the President and Boris Yeltsin on September 28, 1994,"" identifier 2018-1215-M; creators National Security Council, NSC European Affairs Office, and Alexander Vershbow; part of National Archives Catalog Description, NAID 7585499; Clinton Presidential Records: White House Staff and Office Files; Declassified Documents collection."
"27","1994-10-05","Telcon","151","155","151-154","155","4","Telephone call with President Boris Yeltsin, October 5, 1994, White House","2015-0782-M-1","227-230","https://therealjameswilson.github.io/Clinton-Russia-High-Level/public/documents/1994-10-05-telcon-24.pdf","https://www.clintonlibrary.gov/sites/default/files/finding_aids_a_z/2026-05/2015-0782-M-1.pdf","Source: William J. Clinton Presidential Library, Clinton Presidential Records, Records of the National Security Council Records Management Office (Clinton Administration), NAID 7388808, Presidential Records Series (PRS) Files, NAID 7585721, NSC Records Management, [Yeltsin and Telcons], Folder Title/Record ID 9408162, Mandatory Declassification Review 2015-0782-M-1, Declassified documents concerning Russian President Boris Yeltsin."
"28","1994-10-10","Telcon","156","160","156-159","160","4","Telephone call with President Boris Yeltsin of Russia, October 10, 1994, White House","2015-0782-M-1","238-241","https://therealjameswilson.github.io/Clinton-Russia-High-Level/public/documents/1994-10-10-clinton-yeltsin-iraq-telcon.pdf","https://www.clintonlibrary.gov/sites/default/files/finding_aids_a_z/2026-05/2015-0782-M-1.pdf","Source: William J. Clinton Presidential Library, Clinton Presidential Records, Records of the National Security Council Records Management Office (Clinton Administration), NAID 7388808, Presidential Records Series (PRS) Files, NAID 7585721, OA/Box Number 481, Folder Title/Record ID 9408229, Mandatory Declassification Review 2015-0782-M-1, Declassified documents concerning Russian President Boris Yeltsin."
"29","1995-02-13","Telcon","161","165","161-164","165","4","Telephone call with President Boris Yeltsin of Russia, February 13, 1995, White House","2015-0782-M-1","268-271","https://therealjameswilson.github.io/Clinton-Russia-High-Level/public/documents/1995-02-13-telcon-26.pdf","https://www.clintonlibrary.gov/sites/default/files/finding_aids_a_z/2026-05/2015-0782-M-1.pdf","Source: William J. Clinton Presidential Library, Clinton Presidential Records, Records of the National Security Council Records Management Office (Clinton Administration), NAID 7388808, Presidential Records Series (PRS) Files, NAID 7585721, NSC Records Management, [Yeltsin and Telcons], OA/Box Number 564, Folder Title/Record ID 9500995, Mandatory Declassification Review 2015-0782-M-1, Declassified documents concerning Russian President Boris Yeltsin."
"30","1995-04-27","Telcon","166","170","166-169","170","4","Telephone call with President Boris Yeltsin of Russia, April 27, 1995, White House","2015-0782-M-1","280-283","https://therealjameswilson.github.io/Clinton-Russia-High-Level/public/documents/1995-04-27-telcon-27.pdf","https://www.clintonlibrary.gov/sites/default/files/finding_aids_a_z/2026-05/2015-0782-M-1.pdf","Source: William J. Clinton Presidential Library, Clinton Presidential Records, Records of the National Security Council Records Management Office (Clinton Administration), NAID 7388808, Presidential Records Series (PRS) Files, NAID 7585721, NSC Records Management, [Yeltsin and Telcons], Folder Title/Record ID 9503572, Mandatory Declassification Review 2015-0782-M-1, Declassified documents concerning Russian President Boris Yeltsin."
"31","1995-05-10","Memcon","171","187","171-186","187","16","Meeting with President Boris Yeltsin of Russia, May 10, 1995, The Kremlin, Moscow, Russia","2015-0782-M-1","285-300","https://therealjameswilson.github.io/Clinton-Russia-High-Level/public/documents/1995-05-10-memcon-28.pdf","https://www.clintonlibrary.gov/sites/default/files/finding_aids_a_z/2026-05/2015-0782-M-1.pdf","Source: William J. Clinton Presidential Library, Clinton Presidential Records, Records of the National Security Council Records Management Office (Clinton Administration), NAID 7388808, Presidential Records Series (PRS) Files, NAID 7585721, Document ID 9503774, Original OA/ID 582, Mandatory Declassification Review 2014-0904-M-Release-A, Declassified documents concerning Russia."
"32","1995-06-17","Memcon","188","195","188-195","","8","Meeting with President Boris Yeltsin of Russia, June 17, 1995, Halifax, Nova Scotia, Canada","F-2017-13804","Strobe FOIA document C06835181, conversation pages 1-8","https://therealjameswilson.github.io/Clinton-Russia-High-Level/public/documents/1995-06-17-memcon-29.pdf","https://therealjameswilson.github.io/strobe-talbott-foia/manifest.html","Source: Department of State, FOIA Virtual Reading Room, Strobe Talbott FOIA release, case F-2017-13804, document C06835181."
"33","1995-07-28","Telcon","196","201","196-200","201","5","Telephone call with President Boris Yeltsin of Russia, July 28, 1995, White House","2015-0782-M-1","309-313","https://therealjameswilson.github.io/Clinton-Russia-High-Level/public/documents/1995-07-28-telcon-30.pdf","https://www.clintonlibrary.gov/sites/default/files/finding_aids_a_z/2026-05/2015-0782-M-1.pdf","Source: William J. Clinton Presidential Library, Clinton Presidential Records, Records of the National Security Council Records Management Office (Clinton Administration), NAID 7388808, Presidential Records Series (PRS) Files, NAID 7585721, NSC Records Management, [Yeltsin and Telcons], OA/Box Number 597, Folder Title/Record ID 9505860, Mandatory Declassification Review 2015-0782-M-1, Declassified documents concerning Russian President Boris Yeltsin."
"34","1995-09-27","Telcon","202","205","202-204","205","3","Telephone call with President Boris Yeltsin of Russia, September 27, 1995, White House","2015-0782-M-1","324-326","https://therealjameswilson.github.io/Clinton-Russia-High-Level/public/documents/1995-09-27-telcon-31.pdf","https://www.clintonlibrary.gov/sites/default/files/finding_aids_a_z/2026-05/2015-0782-M-1.pdf","Source: William J. Clinton Presidential Library, Clinton Presidential Records, Records of the National Security Council Records Management Office (Clinton Administration), NAID 7388808, Presidential Records Series (PRS) Files, NAID 7585721, NSC Records Management, [Yeltsin and Telcons], OA/Box Number 606, Folder Title/Record ID 9507137, Mandatory Declassification Review 2015-0782-M-1, Declassified documents concerning Russian President Boris Yeltsin."
"35","1995-10-23","Memcon","206","218","206-217","218","12","Clinton-Yeltsin One-on-One","2014-0948-M","5-16","https://therealjameswilson.github.io/Clinton-Russia-High-Level/public/documents/1995-10-23-clinton-yeltsin-hyde-park-one-on-one.pdf","https://s3.amazonaws.com/NARAprodstorage/lz/presidential-libraries/clinton/wjc-nscrm/7585721/7-YeltsinHydePark.pdf","Source: William J. Clinton Presidential Library, Clinton Presidential Records, Records of the National Security Council Records Management Office (Clinton Administration), NAID 7388808, Presidential Records Series (PRS) Files, NAID 7585721, NSC Records Management, [Yeltsin], OA/Box Number 43319, Folder Title/Record ID 9507853, National Archives Catalog item 2014-0948-M, Memcon between President William Jefferson Clinton and President Boris Yeltsin, NAID 163545436."
"36","1995-10-23","Memcon","219","224","219-223","224","5","Lunch with Boris Yeltsin, President of Russian Federation","2014-0948-M","31-35","https://therealjameswilson.github.io/Clinton-Russia-High-Level/public/documents/1995-10-23-clinton-yeltsin-hyde-park-lunch.pdf","https://s3.amazonaws.com/NARAprodstorage/lz/presidential-libraries/clinton/wjc-nscrm/7585721/7-YeltsinHydePark.pdf","Source: William J. Clinton Presidential Library, Clinton Presidential Records, Records of the National Security Council Records Management Office (Clinton Administration), NAID 7388808, Presidential Records Series (PRS) Files, NAID 7585721, NSC Records Management, [Yeltsin], OA/Box Number 611, Folder Title/Record ID 9507991, National Archives Catalog item 2014-0948-M, Memcon between President William Jefferson Clinton and President Boris Yeltsin, NAID 163545436."
"37","1996-01-26","Telcon","225","230","225-229","230","5","Telephone call with President Boris Yeltsin of Russia, January 26, 1996, White House","2015-0782-M-1","342-346","https://therealjameswilson.github.io/Clinton-Russia-High-Level/public/documents/1996-01-26-telcon-33.pdf","https://www.clintonlibrary.gov/sites/default/files/finding_aids_a_z/2026-05/2015-0782-M-1.pdf","Source: William J. Clinton Presidential Library, Clinton Presidential Records, Records of the National Security Council Records Management Office (Clinton Administration), NAID 7388808, Presidential Records Series (PRS) Files, NAID 7585721, NSC Records Management, [Yeltsin and Telcons], OA/Box Number 1082, Folder Title/Record ID 9600480, Mandatory Declassification Review 2015-0782-M-1, Declassified documents concerning Russian President Boris Yeltsin."
"38","1996-02-21","Telcon","231","235","231-234","235","4","Telephone call with President Boris Yeltsin of Russia, February 21, 1996, White House","2015-0782-M-1","354-357","https://therealjameswilson.github.io/Clinton-Russia-High-Level/public/documents/1996-02-21-telcon-34.pdf","https://www.clintonlibrary.gov/sites/default/files/finding_aids_a_z/2026-05/2015-0782-M-1.pdf","Source: William J. Clinton Presidential Library, Clinton Presidential Records, Records of the National Security Council Records Management Office (Clinton Administration), NAID 7388808, Presidential Records Series (PRS) Files, NAID 7585721, Document ID 9601097, Original OA/ID 1086, Mandatory Declassification Review 2015-0782-M-1, Declassified documents concerning Russian President Boris Yeltsin."
"39","1996-03-13","Memcon","236","240","236-239","240","4","Meeting with President Boris Yeltsin of Russia, March 13, 1996, Sharm El-Sheikh, Egypt","2016-0118-M-4","Google Drive file 1kqpS-sURsWvTfRqKhA-09YXKX5fVVh7c, pages 2-5","https://therealjameswilson.github.io/Clinton-Russia-High-Level/public/documents/1996-03-13-clinton-yeltsin-sharm-el-sheikh-memcon-cable.pdf","https://drive.google.com/file/d/1kqpS-sURsWvTfRqKhA-09YXKX5fVVh7c/view","Source: William J. Clinton Presidential Library, Clinton Presidential Records: NSC Cable, Email, and Records Management System, Clinton Digital Library item 118876, Clinton Digital Library item 2016-0118-M, Meetings between President Clinton and Russian President Boris Yeltsin."
"40","1996-04-09","Telcon","241","246","241-245","246","5","Telephone call with President Boris Yeltsin of Russia, April 9, 1996, White House","2015-0782-M-1","369-373","https://therealjameswilson.github.io/Clinton-Russia-High-Level/public/documents/1996-04-09-telcon-36.pdf","https://www.clintonlibrary.gov/sites/default/files/finding_aids_a_z/2026-05/2015-0782-M-1.pdf","Source: William J. Clinton Presidential Library, Clinton Presidential Records, Records of the National Security Council Records Management Office (Clinton Administration), NAID 7388808, Presidential Records Series (PRS) Files, NAID 7585721, NSC Records Management, [Yeltsin and Telcons], OA/Box Number 1093, Folder Title/Record ID 9602172, Mandatory Declassification Review 2015-0782-M-1, Declassified documents concerning Russian President Boris Yeltsin."
"41","1996-04-21","Memcon","247","260","247-259","260","13","POTUS-Yeltsin One-on-One","2015-0782-M-1","381-393","https://therealjameswilson.github.io/Clinton-Russia-High-Level/public/documents/1996-04-21-memcon-moscow-one-on-one.pdf","https://www.clintonlibrary.gov/sites/default/files/finding_aids_a_z/2026-05/2015-0782-M-1.pdf","Source: William J. Clinton Presidential Library, Clinton Presidential Records, Records of the National Security Council Records Management Office (Clinton Administration), NAID 7388808, Presidential Records Series (PRS) Files, NAID 7585721, NSC Records Management, [Yeltsin and Telcons], OA/Box Number 43319, Folder Title/Record ID 9602708, Mandatory Declassification Review 2015-0782-M-1, Declassified documents concerning Russian President Boris Yeltsin."
"42","1996-04-21","Memcon","261","268","261-267","268","7","Luncheon Meeting with Russian President Boris Yeltsin","2015-0782-M-2","7-13","https://therealjameswilson.github.io/Clinton-Russia-High-Level/public/documents/1996-04-21-memcon-moscow-luncheon.pdf","https://www.clintonlibrary.gov/sites/default/files/finding_aids_a_z/2026-01/2015-0782-M-2.pdf","Source: William J. Clinton Presidential Library, Clinton Presidential Records, Records of the National Security Council Records Management Office (Clinton Administration), NAID 7388808, Presidential Records Series (PRS) Files, NAID 7585721, NSC Records Management, [Yeltsin and Telcons], OA/Box Number 1100, Folder Title/Record ID 9602963, Mandatory Declassification Review 2015-0782-M-2, Declassified documents concerning Russian President Boris Yeltsin."
"43","1996-05-07","Telcon","269","273","269-272","273","4","Telephone call with President Boris Yeltsin of Russia, May 7, 1996, White House","2015-0782-M-2","25-28","https://therealjameswilson.github.io/Clinton-Russia-High-Level/public/documents/1996-05-07-telcon-38.pdf","https://www.clintonlibrary.gov/sites/default/files/finding_aids_a_z/2026-01/2015-0782-M-2.pdf","Source: William J. Clinton Presidential Library, Clinton Presidential Records, Records of the National Security Council Records Management Office (Clinton Administration), NAID 7388808, Presidential Records Series (PRS) Files, NAID 7585721, NSC Records Management, [Yeltsin and Telcons], OA/Box Number 1101, Folder Title/Record ID 9603149, Mandatory Declassification Review 2015-0782-M-2, Declassified documents concerning Russian President Boris Yeltsin."
"44","1996-06-18","Telcon","274","276","274-275","276","2","Telephone call with President Boris Yeltsin of Russia, June 18, 1996, White House","2015-0782-M-2","39-40","https://therealjameswilson.github.io/Clinton-Russia-High-Level/public/documents/1996-06-18-telcon-39.pdf","https://www.clintonlibrary.gov/sites/default/files/finding_aids_a_z/2026-01/2015-0782-M-2.pdf","Source: William J. Clinton Presidential Library, Clinton Presidential Records, Records of the National Security Council Records Management Office (Clinton Administration), NAID 7388808, Presidential Records Series (PRS) Files, NAID 7585721, Document ID 9604219, Original OA/ID 1108, Mandatory Declassification Review 2015-0782-M-2, Declassified documents concerning Russian President Boris Yeltsin."
"45","1996-07-05","Telcon","277","280","277-279","280","3","Telephone call with President Boris Yeltsin of Russia, July 5, 1996, White House","2015-0782-M-2","49-51","https://therealjameswilson.github.io/Clinton-Russia-High-Level/public/documents/1996-07-05-telcon-40.pdf","https://www.clintonlibrary.gov/sites/default/files/finding_aids_a_z/2026-01/2015-0782-M-2.pdf","Source: William J. Clinton Presidential Library, Clinton Presidential Records, Records of the National Security Council Records Management Office (Clinton Administration), NAID 7388808, Presidential Records Series (PRS) Files, NAID 7585721, NSC Records Management, [Yeltsin and Telcons], Folder Title/Record ID 9604660, Mandatory Declassification Review 2015-0782-M-2, Declassified documents concerning Russian President Boris Yeltsin."
"46","1996-09-15","Telcon","281","283","281-282","283","2","Telephone call with President Boris Yeltsin of Russia, September 15, 1996, White House","2015-0782-M-2","64-65","https://therealjameswilson.github.io/Clinton-Russia-High-Level/public/documents/1996-09-15-telcon-41.pdf","https://www.clintonlibrary.gov/sites/default/files/finding_aids_a_z/2026-01/2015-0782-M-2.pdf","Source: William J. Clinton Presidential Library, Clinton Presidential Records, Records of the National Security Council Records Management Office (Clinton Administration), NAID 7388808, Presidential Records Series (PRS) Files, NAID 7585721, NSC Records Management, [Yeltsin and Telcons], Folder Title/Record ID 9606243, Mandatory Declassification Review 2015-0782-M-2, Declassified documents concerning Russian President Boris Yeltsin."
"47","1996-12-05","Telcon","284","287","284-286","287","3","Telephone call with President Boris Yeltsin of Russia, December 5, 1996, White House","2015-0782-M-2","77-79","https://therealjameswilson.github.io/Clinton-Russia-High-Level/public/documents/1996-12-05-telcon-42.pdf","https://www.clintonlibrary.gov/sites/default/files/finding_aids_a_z/2026-01/2015-0782-M-2.pdf","Source: William J. Clinton Presidential Library, Clinton Presidential Records, Records of the National Security Council Records Management Office (Clinton Administration), NAID 7388808, Presidential Records Series (PRS) Files, NAID 7585721, NSC Records Management, [Yeltsin and Telcons], Folder Title/Record ID 9607896, Mandatory Declassification Review 2015-0782-M-2, Declassified documents concerning Russian President Boris Yeltsin."
"48","1997-02-27","Telcon","288","291","288-290","291","3","Telephone call with President Boris Yeltsin of Russia, February 27, 1997, White House","2015-0782-M-2","87-89","https://therealjameswilson.github.io/Clinton-Russia-High-Level/public/documents/1997-02-27-telcon-43.pdf","https://www.clintonlibrary.gov/sites/default/files/finding_aids_a_z/2026-01/2015-0782-M-2.pdf","Source: William J. Clinton Presidential Library, Clinton Presidential Records, Records of the National Security Council Records Management Office (Clinton Administration), NAID 7388808, Presidential Records Series (PRS) Files, NAID 7585721, NSC Records Management, [Yeltsin and Telcons], OA/Box Number 1604, Folder Title/Record ID 9701361, Mandatory Declassification Review 2015-0782-M-2, Declassified documents concerning Russian President Boris Yeltsin."
"49","1997-03-21","Memcon","292","303","292-302","303","11","Helsinki Morning Meeting with President Boris Yeltsin","2015-0782-M-2","105-115","https://therealjameswilson.github.io/Clinton-Russia-High-Level/public/documents/1997-03-21-memcon-helsinki-morning.pdf","https://www.clintonlibrary.gov/sites/default/files/finding_aids_a_z/2026-01/2015-0782-M-2.pdf","Source: William J. Clinton Presidential Library, Clinton Presidential Records, Records of the National Security Council Records Management Office (Clinton Administration), NAID 7388808, Presidential Records Series (PRS) Files, NAID 7585721, NSC Records Management, [Yeltsin and Telcons], OA/Box Number 1609, Folder Title/Record ID 9702044, Mandatory Declassification Review 2015-0782-M-2, Declassified documents concerning Russian President Boris Yeltsin."
"50","1997-03-21","Memcon","304","312","304-311","312","8","Helsinki Working Lunch with President Boris Yeltsin","2015-0782-M-2","116-123","https://therealjameswilson.github.io/Clinton-Russia-High-Level/public/documents/1997-03-21-memcon-helsinki-working-lunch.pdf","https://www.clintonlibrary.gov/sites/default/files/finding_aids_a_z/2026-01/2015-0782-M-2.pdf","Source: William J. Clinton Presidential Library, Clinton Presidential Records, Records of the National Security Council Records Management Office (Clinton Administration), NAID 7388808, Presidential Records Series (PRS) Files, NAID 7585721, NSC Records Management, [Yeltsin and Telcons], OA/Box Number 1609, Folder Title/Record ID 9702044, Mandatory Declassification Review 2015-0782-M-2, Declassified documents concerning Russian President Boris Yeltsin."
"51","1997-03-21","Memcon","313","317","313-316","317","4","Helsinki Afternoon Meeting with President Boris Yeltsin","2015-0782-M-2","124-127","https://therealjameswilson.github.io/Clinton-Russia-High-Level/public/documents/1997-03-21-memcon-helsinki-afternoon.pdf","https://www.clintonlibrary.gov/sites/default/files/finding_aids_a_z/2026-01/2015-0782-M-2.pdf","Source: William J. Clinton Presidential Library, Clinton Presidential Records, Records of the National Security Council Records Management Office (Clinton Administration), NAID 7388808, Presidential Records Series (PRS) Files, NAID 7585721, NSC Records Management, [Yeltsin and Telcons], OA/Box Number 1609, Folder Title/Record ID 9702044, Mandatory Declassification Review 2015-0782-M-2, Declassified documents concerning Russian President Boris Yeltsin."
"52","1997-03-21","Memcon","318","324","318-323","324","6","Helsinki Private Dinner with President Boris Yeltsin","2015-0782-M-2","128-133","https://therealjameswilson.github.io/Clinton-Russia-High-Level/public/documents/1997-03-21-memcon-helsinki-private-dinner.pdf","https://www.clintonlibrary.gov/sites/default/files/finding_aids_a_z/2026-01/2015-0782-M-2.pdf","Source: William J. Clinton Presidential Library, Clinton Presidential Records, Records of the National Security Council Records Management Office (Clinton Administration), NAID 7388808, Presidential Records Series (PRS) Files, NAID 7585721, NSC Records Management, [Yeltsin and Telcons], OA/Box Number 1609, Folder Title/Record ID 9702044, Mandatory Declassification Review 2015-0782-M-2, Declassified documents concerning Russian President Boris Yeltsin."
"53","1997-05-27","Memcon","325","333","325-332","333","8","Meeting with President Boris Yeltsin of Russia, May 27, 1997, Paris, France","2015-0782-M-2","143-150","https://therealjameswilson.github.io/Clinton-Russia-High-Level/public/documents/1997-05-27-memcon-45.pdf","https://www.clintonlibrary.gov/sites/default/files/finding_aids_a_z/2026-01/2015-0782-M-2.pdf","Source: William J. Clinton Presidential Library, Clinton Presidential Records, Records of the National Security Council Records Management Office (Clinton Administration), NAID 7388808, Presidential Records Series (PRS) Files, NAID 7585721, NSC Records Management, [Yeltsin and Telcons], OA/Box Number 1623, Folder Title/Record ID 9703720, Mandatory Declassification Review 2015-0782-M-2, Declassified documents concerning Russian President Boris Yeltsin."
"54","1997-06-20","Memcon","334","342","334-341","342","8","Meeting with President Boris Yeltsin of Russia, June 20, 1997, Denver, Colorado","2015-0782-M-2","165-172","https://therealjameswilson.github.io/Clinton-Russia-High-Level/public/documents/1997-06-20-memcon-46.pdf","https://www.clintonlibrary.gov/sites/default/files/finding_aids_a_z/2026-01/2015-0782-M-2.pdf","Source: William J. Clinton Presidential Library, Clinton Presidential Records, Records of the National Security Council Records Management Office (Clinton Administration), NAID 7388808, Presidential Records Series (PRS) Files, NAID 7585721, NSC Records Management, [Yeltsin and Telcons], OA/Box Number 1629, Folder Title/Record ID 9704607, Mandatory Declassification Review 2015-0782-M-2, Declassified documents concerning Russian President Boris Yeltsin."
"55","1997-10-30","Telcon","343","349","343-348","349","6","Telephone call with President Boris Yeltsin of Russia, October 30, 1997, White House","2015-0782-M-2","183-188","https://therealjameswilson.github.io/Clinton-Russia-High-Level/public/documents/1997-10-30-telcon-47.pdf","https://www.clintonlibrary.gov/sites/default/files/finding_aids_a_z/2026-01/2015-0782-M-2.pdf","Source: William J. Clinton Presidential Library, Clinton Presidential Records, Records of the National Security Council Records Management Office (Clinton Administration), NAID 7388808, Presidential Records Series (PRS) Files, NAID 7585721, OA/Box Number 1651, Folder Title/Record ID 9707450, Mandatory Declassification Review 2015-0782-M-2, Declassified documents concerning Russian President Boris Yeltsin."
"56","1997-11-16","Telcon","350","353","350-352","353","3","Telephone call with President Boris Yeltsin of Russia, November 16, 1997, Malibu, California","2015-0782-M-2","206-208","https://therealjameswilson.github.io/Clinton-Russia-High-Level/public/documents/1997-11-16-telcon-48.pdf","https://www.clintonlibrary.gov/sites/default/files/finding_aids_a_z/2026-01/2015-0782-M-2.pdf","Source: William J. Clinton Presidential Library, Clinton Presidential Records, Records of the National Security Council Records Management Office (Clinton Administration), NAID 7388808, Presidential Records Series (PRS) Files, NAID 7585721, NSC Records Management, [Yeltsin and Telcons], OA/Box Number 1654, Folder Title/Record ID 9707804, Mandatory Declassification Review 2015-0782-M-2, Declassified documents concerning Russian President Boris Yeltsin."
"57","1997-11-22","Telcon","354","360","354-359","360","6","Telephone call with President Boris Yeltsin of Russia, November 22, 1997, White House","2015-0782-M-2","218-223","https://therealjameswilson.github.io/Clinton-Russia-High-Level/public/documents/1997-11-22-telcon-49.pdf","https://www.clintonlibrary.gov/sites/default/files/finding_aids_a_z/2026-01/2015-0782-M-2.pdf","Source: William J. Clinton Presidential Library, Clinton Presidential Records, Records of the National Security Council Records Management Office (Clinton Administration), NAID 7388808, Presidential Records Series (PRS) Files, NAID 7585721, NSC Records Management, [Yeltsin and Telcons], OA/Box Number 1655, Folder Title/Record ID 9707985, Mandatory Declassification Review 2015-0782-M-2, Declassified documents concerning Russian President Boris Yeltsin."
"58","1998-02-02","Telcon","361","365","361-364","365","4","Telephone call with President Boris Yeltsin of Russia, February 2, 1998, White House","2015-0782-M-2","236-239","https://therealjameswilson.github.io/Clinton-Russia-High-Level/public/documents/1998-02-02-telcon-50.pdf","https://www.clintonlibrary.gov/sites/default/files/finding_aids_a_z/2026-01/2015-0782-M-2.pdf","Source: William J. Clinton Presidential Library, Clinton Presidential Records, Records of the National Security Council Records Management Office (Clinton Administration), NAID 7388808, Presidential Records Series (PRS) Files, NAID 7585721, Document ID 9800756, Original OA/ID 2014, Mandatory Declassification Review 2015-0782-M-2, Declassified documents concerning Russian President Boris Yeltsin."
"59","1998-02-23","Telcon","366","370","366-369","370","4","Telephone call with President Boris Yeltsin of Russia, February 23, 1998, White House","2015-0782-M-2","253-256","https://therealjameswilson.github.io/Clinton-Russia-High-Level/public/documents/1998-02-23-telcon-51.pdf","https://www.clintonlibrary.gov/sites/default/files/finding_aids_a_z/2026-01/2015-0782-M-2.pdf","Source: William J. Clinton Presidential Library, Clinton Presidential Records, Records of the National Security Council Records Management Office (Clinton Administration), NAID 7388808, Presidential Records Series (PRS) Files, NAID 7585721, NSC Records Management, [Yeltsin and Telcons], OA/Box Number 2018, Folder Title/Record ID 9801337, Mandatory Declassification Review 2015-0782-M-2, Declassified documents concerning Russian President Boris Yeltsin."
"60","1998-04-06","Telcon","371","376","371-375","376","5","Telephone call with President Boris Yeltsin of Russia, April 6, 1998, White House","2015-0782-M-2","274-278","https://therealjameswilson.github.io/Clinton-Russia-High-Level/public/documents/1998-04-06-telcon-52.pdf","https://www.clintonlibrary.gov/sites/default/files/finding_aids_a_z/2026-01/2015-0782-M-2.pdf","Source: William J. Clinton Presidential Library, Clinton Presidential Records, Records of the National Security Council Records Management Office (Clinton Administration), NAID 7388808, Presidential Records Series (PRS) Files, NAID 7585721, NSC Records Management, [Yeltsin and Telcons], OA/Box Number 2027, Folder Title/Record ID 9802448, Mandatory Declassification Review 2015-0782-M-2, Declassified documents concerning Russian President Boris Yeltsin."
"61","1998-05-12","Telcon","377","382","377-381","382","5","Telephone call with President Boris Yeltsin of Russia, May 12, 1998, White House","2015-0782-M-2","286-290","https://therealjameswilson.github.io/Clinton-Russia-High-Level/public/documents/1998-05-12-telcon-53.pdf","https://www.clintonlibrary.gov/sites/default/files/finding_aids_a_z/2026-01/2015-0782-M-2.pdf","Source: William J. Clinton Presidential Library, Clinton Presidential Records, Records of the National Security Council Records Management Office (Clinton Administration), NAID 7388808, Presidential Records Series (PRS) Files, NAID 7585721, OA/Box Number 2036, Folder Title/Record ID 9803457, Mandatory Declassification Review 2015-0782-M-2, Declassified documents concerning Russian President Boris Yeltsin."
"62","1998-05-17","Memcon","383","391","383-390","391","8","Meeting with President Boris Yeltsin of Russia, May 17, 1998, Birmingham, England","2015-0782-M-2","312-319","https://therealjameswilson.github.io/Clinton-Russia-High-Level/public/documents/1998-05-17-memcon-54.pdf","https://www.clintonlibrary.gov/sites/default/files/finding_aids_a_z/2026-01/2015-0782-M-2.pdf","Source: William J. Clinton Presidential Library, Clinton Presidential Records, Records of the National Security Council Records Management Office (Clinton Administration), NAID 7388808, Presidential Records Series (PRS) Files, NAID 7585721, Document ID 9803752, Original OA/ID 2039, Mandatory Declassification Review 2014-0999-M, Declassified documents concerning Russian President Boris Yeltsin."
"63","1998-05-21","Telcon","392","395","392-394","395","3","Telephone call with President Boris Yeltsin of Russia, May 21, 1998, White House","2015-0782-M-2","301-303","https://therealjameswilson.github.io/Clinton-Russia-High-Level/public/documents/1998-05-21-telcon-55.pdf","https://www.clintonlibrary.gov/sites/default/files/finding_aids_a_z/2026-01/2015-0782-M-2.pdf","Source: William J. Clinton Presidential Library, Clinton Presidential Records, Records of the National Security Council Records Management Office (Clinton Administration), NAID 7388808, Presidential Records Series (PRS) Files, NAID 7585721, NSC Records Management, [Yeltsin and Telcons], OA/Box Number 2038, Folder Title/Record ID 9803714, Mandatory Declassification Review 2015-0782-M-2, Declassified documents concerning Russian President Boris Yeltsin."
"64","1998-05-28","Telcon","396","400","396-399","400","4","Telephone call with President Boris Yeltsin of Russia, May 28, 1998, White House","2015-0782-M-2","329-332","https://therealjameswilson.github.io/Clinton-Russia-High-Level/public/documents/1998-05-28-telcon-56.pdf","https://www.clintonlibrary.gov/sites/default/files/finding_aids_a_z/2026-01/2015-0782-M-2.pdf","Source: William J. Clinton Presidential Library, Clinton Presidential Records, Records of the National Security Council Records Management Office (Clinton Administration), NAID 7388808, Presidential Records Series (PRS) Files, NAID 7585721, NSC Records Management, [Yeltsin and Telcons], OA/Box Number 2039, Folder Title/Record ID 9803875, Mandatory Declassification Review 2015-0782-M-2, Declassified documents concerning Russian President Boris Yeltsin."
"65","1998-06-15","Telcon","401","406","401-405","406","5","Telephone call with President Boris Yeltsin of Russia, June 15, 1998, White House","2015-0782-M-2","342-346","https://therealjameswilson.github.io/Clinton-Russia-High-Level/public/documents/1998-06-15-telcon-57.pdf","https://www.clintonlibrary.gov/sites/default/files/finding_aids_a_z/2026-01/2015-0782-M-2.pdf","Source: William J. Clinton Presidential Library, Clinton Presidential Records, Records of the National Security Council Records Management Office (Clinton Administration), NAID 7388808, Presidential Records Series (PRS) Files, NAID 7585721, NSC Records Management, [Yeltsin and Telcons], OA/Box Number 2045, Folder Title/Record ID 9804474, Mandatory Declassification Review 2015-0782-M-2, Declassified documents concerning Russian President Boris Yeltsin."
"66","1998-06-16","Telcon","407","409","407-408","409","2","Telephone call with President Boris Yeltsin of Russia, June 16, 1998, White House","2015-0782-M-2","359-360","https://therealjameswilson.github.io/Clinton-Russia-High-Level/public/documents/1998-06-16-telcon-59.pdf","https://www.clintonlibrary.gov/sites/default/files/finding_aids_a_z/2026-01/2015-0782-M-2.pdf","Source: William J. Clinton Presidential Library, Clinton Presidential Records, Records of the National Security Council Records Management Office (Clinton Administration), NAID 7388808, Presidential Records Series (PRS) Files, NAID 7585721, Document ID 9804476, Original OA/ID 2045, Mandatory Declassification Review 2015-0782-M-2, Declassified documents concerning Russian President Boris Yeltsin."
"67","1998-07-10","Telcon","410","414","410-413","414","4","Telephone call with President Boris Yeltsin of Russia, July 10, 1998, White House","2015-0782-M-2","371-374","https://therealjameswilson.github.io/Clinton-Russia-High-Level/public/documents/1998-07-10-telcon-60.pdf","https://www.clintonlibrary.gov/sites/default/files/finding_aids_a_z/2026-01/2015-0782-M-2.pdf","Source: William J. Clinton Presidential Library, Clinton Presidential Records, Records of the National Security Council Records Management Office (Clinton Administration), NAID 7388808, Presidential Records Series (PRS) Files, NAID 7585721, NSC Records Management, [Yeltsin and Telcons], OA/Box Number 2048, Folder Title/Record ID 9804971, Mandatory Declassification Review 2015-0782-M-2, Declassified documents concerning Russian President Boris Yeltsin."
"68","1998-08-14","Telcon","415","421","415-420","421","6","Telephone call with President Boris Yeltsin of Russia, August 14, 1998, White House","2015-0782-M-2","384-389","https://therealjameswilson.github.io/Clinton-Russia-High-Level/public/documents/1998-08-14-telcon-61.pdf","https://www.clintonlibrary.gov/sites/default/files/finding_aids_a_z/2026-01/2015-0782-M-2.pdf","Source: William J. Clinton Presidential Library, Clinton Presidential Records, Records of the National Security Council Records Management Office (Clinton Administration), NAID 7388808, Presidential Records Series (PRS) Files, NAID 7585721, NSC Records Management, [Yeltsin and Telcons], OA/Box Number 2055, Folder Title/Record ID 9805782, Mandatory Declassification Review 2015-0782-M-2, Declassified documents concerning Russian President Boris Yeltsin."
"69","1998-08-25","Telcon","422","426","422-425","426","4","Telephone call with President Boris Yeltsin of Russia, August 25, 1998, Martha's Vineyard, Massachusetts","2015-0782-M-2","405-408","https://therealjameswilson.github.io/Clinton-Russia-High-Level/public/documents/1998-08-25-telcon-62.pdf","https://www.clintonlibrary.gov/sites/default/files/finding_aids_a_z/2026-01/2015-0782-M-2.pdf","Source: William J. Clinton Presidential Library, Clinton Presidential Records, Records of the National Security Council Records Management Office (Clinton Administration), NAID 7388808, Presidential Records Series (PRS) Files, NAID 7585721, NSC Records Management, [Yeltsin and Telcons], OA/Box Number 2056, Folder Title/Record ID 9805956, Mandatory Declassification Review 2015-0782-M-2, Declassified documents concerning Russian President Boris Yeltsin."
"70","1998-09-12","Telcon","427","431","427-430","431","4","Telephone call with President Boris Yeltsin of Russia, September 12, 1998, White House","2015-0782-M-2","422-425","https://therealjameswilson.github.io/Clinton-Russia-High-Level/public/documents/1998-09-12-telcon-64.pdf","https://www.clintonlibrary.gov/sites/default/files/finding_aids_a_z/2026-01/2015-0782-M-2.pdf","Source: William J. Clinton Presidential Library, Clinton Presidential Records, Records of the National Security Council Records Management Office (Clinton Administration), NAID 7388808, Presidential Records Series (PRS) Files, NAID 7585721, NSC Records Management, [Yeltsin and Telcons], OA/Box Number 2058, Folder Title/Record ID 9806300, Mandatory Declassification Review 2015-0782-M-2, Declassified documents concerning Russian President Boris Yeltsin."
"71","1998-10-05","Telcon","432","434","432-434","","3","Telephone call with President Boris Yeltsin of Russia, October 5, 1998, White House","2016-0620-M","3-5","https://therealjameswilson.github.io/Clinton-Russia-High-Level/public/documents/1998-10-05-clinton-yeltsin-telcon-actual-pages.pdf","https://clinton.presidentiallibraries.us/files/original/dac856cd6bbd10b93c2eb815862bce44.pdf","Source: William J. Clinton Presidential Library, Clinton Presidential Records: NSC Cable, Email, and Records Management System, Clinton Digital Library item 100503, Clinton Digital Library item 2016-0620-M, Declassified Documents Concerning Russian President Boris Yeltsin."
"72","1998-12-30","Telcon","435","439","435-439","","5","Telephone call with President Boris Yeltsin of Russia, December 30, 1998, White House","clinton-item-119190","1-5","https://therealjameswilson.github.io/Clinton-Russia-High-Level/public/documents/1998-12-30-clinton-yeltsin-telcon-actual-pages.pdf","https://clinton.presidentiallibraries.us/files/original/1ec29c3214c0ccb6c6ed30fd7e5b06af.pdf","Source: William J. Clinton Presidential Library, Telcons - Memoranda of Telephone Conversation, Clinton Digital Library item 119190, Clinton Digital Library item clinton-item-119190, Memorandum of Telephone Conversation with Russian President Yeltsin."
"73","1999-03-24","Telcon","440","445","440-444","445","5","Telephone call with President Boris Yeltsin of Russia, March 24, 1999, White House","2015-0782-M-2","432-436","https://therealjameswilson.github.io/Clinton-Russia-High-Level/public/documents/1999-03-24-telcon-68.pdf","https://www.clintonlibrary.gov/sites/default/files/finding_aids_a_z/2026-01/2015-0782-M-2.pdf","Source: William J. Clinton Presidential Library, Clinton Presidential Records, Records of the National Security Council Records Management Office (Clinton Administration), NAID 7388808, Presidential Records Series (PRS) Files, NAID 7585721, Document ID 9902107, Original OA/ID 2719, Mandatory Declassification Review 2014-0546-M, Declassified documents concerning Russian President Boris Yeltsin and Kosovo."
"74","1999-04-19","Telcon","446","452","446-451","452","6","Telephone call with President Boris Yeltsin of Russia, April 19, 1999, White House","2015-0782-M-2","438-443","https://therealjameswilson.github.io/Clinton-Russia-High-Level/public/documents/1999-04-19-telcon-69.pdf","https://www.clintonlibrary.gov/sites/default/files/finding_aids_a_z/2026-01/2015-0782-M-2.pdf","Source: William J. Clinton Presidential Library, Clinton Presidential Records, Records of the National Security Council Records Management Office (Clinton Administration), NAID 7388808, Presidential Records Series (PRS) Files, NAID 7585721, Document ID 9902901, Original OA/ID 2724, Mandatory Declassification Review 2015-0782-M-2, Declassified documents concerning Russian President Boris Yeltsin."
"75","1999-04-25","Telcon","453","465","453-464","465","12","Telephone call with President Boris Yeltsin of Russia, April 25, 1999, Washington, D.C.","2015-0782-M-2","445-456","https://therealjameswilson.github.io/Clinton-Russia-High-Level/public/documents/1999-04-25-telcon-70.pdf","https://www.clintonlibrary.gov/sites/default/files/finding_aids_a_z/2026-01/2015-0782-M-2.pdf","Source: William J. Clinton Presidential Library, Clinton Presidential Records, Records of the National Security Council Records Management Office (Clinton Administration), NAID 7388808, Presidential Records Series (PRS) Files, NAID 7585721, Document ID 9903106, Original OA/ID 2725, Mandatory Declassification Review 2014-0546-M, Declassified documents concerning Russian President Boris Yeltsin and Kosovo."
"76","1999-05-02","Telcon","466","470","466-469","470","4","Telephone call with President Boris Yeltsin of Russia, May 2, 1999, White House","2015-0782-M-2","470-473","https://therealjameswilson.github.io/Clinton-Russia-High-Level/public/documents/1999-05-02-telcon-71.pdf","https://www.clintonlibrary.gov/sites/default/files/finding_aids_a_z/2026-01/2015-0782-M-2.pdf","Source: William J. Clinton Presidential Library, Clinton Presidential Records, Records of the National Security Council Records Management Office (Clinton Administration), NAID 7388808, Presidential Records Series (PRS) Files, NAID 7585721, Document ID 9903364, Original OA/ID 2727, Mandatory Declassification Review 2014-0546-M, Declassified documents concerning Russian President Boris Yeltsin and Kosovo."
"77","1999-06-07","Telcon","471","473","471-472","473","2","Telephone call with President Boris Yeltsin of Russia, June 7, 1999, White House","2015-0782-M-2","479-480","https://therealjameswilson.github.io/Clinton-Russia-High-Level/public/documents/1999-06-07-telcon-72.pdf","https://www.clintonlibrary.gov/sites/default/files/finding_aids_a_z/2026-01/2015-0782-M-2.pdf","Source: William J. Clinton Presidential Library, Clinton Presidential Records, Records of the National Security Council Records Management Office (Clinton Administration), NAID 7388808, Presidential Records Series (PRS) Files, NAID 7585721, Document ID 9904358, Original OA/ID 2733, Mandatory Declassification Review 2014-0546-M, Declassified documents concerning Russian President Boris Yeltsin and Kosovo."
"78","1999-06-08","Telcon","474","477","474-476","477","3","Telephone call with President Boris Yeltsin of Russia, June 8, 1999, White House","2015-0782-M-2","482-484","https://therealjameswilson.github.io/Clinton-Russia-High-Level/public/documents/1999-06-08-telcon-73.pdf","https://www.clintonlibrary.gov/sites/default/files/finding_aids_a_z/2026-01/2015-0782-M-2.pdf","Source: William J. Clinton Presidential Library, Clinton Presidential Records, Records of the National Security Council Records Management Office (Clinton Administration), NAID 7388808, Presidential Records Series (PRS) Files, NAID 7585721, Document ID 9904397, Original OA/ID 2733, Mandatory Declassification Review 2014-0546-M, Declassified documents concerning Russian President Boris Yeltsin and Kosovo."
"79","1999-06-10","Telcon","478","480","478-479","480","2","Telephone call with President Boris Yeltsin of Russia, June 10, 1999, White House","2015-0782-M-2","488-489","https://therealjameswilson.github.io/Clinton-Russia-High-Level/public/documents/1999-06-10-telcon-74.pdf","https://www.clintonlibrary.gov/sites/default/files/finding_aids_a_z/2026-01/2015-0782-M-2.pdf","Source: William J. Clinton Presidential Library, Clinton Presidential Records, Records of the National Security Council Records Management Office (Clinton Administration), NAID 7388808, Presidential Records Series (PRS) Files, NAID 7585721, Document ID 9904501, Original OA/ID 2734, Mandatory Declassification Review 2014-0546-M, Declassified documents concerning Russian President Boris Yeltsin and Kosovo."
"80","1999-06-13","Telcon","481","488","481-487","488","7","Telephone call with President Boris Yeltsin of Russia, June 13, 1999, White House","2015-0782-M-2","531-537","https://therealjameswilson.github.io/Clinton-Russia-High-Level/public/documents/1999-06-13-telcon-75.pdf","https://www.clintonlibrary.gov/sites/default/files/finding_aids_a_z/2026-01/2015-0782-M-2.pdf","Source: William J. Clinton Presidential Library, Clinton Presidential Records, Records of the National Security Council Records Management Office (Clinton Administration), NAID 7388808, Presidential Records Series (PRS) Files, NAID 7585721, NSC Records Management, [Yeltsin], OA/Box Number 2739, Folder Title/Record ID 9905271, Freedom of Information Act request 2006-1185-F, Records on Telephone Calls between William J. Clinton and Boris Yeltsin, June 13 and 14, 1999."
"81","1999-06-14","Telcon","489","493","489-492","493","4","Telephone call with President Boris Yeltsin of Russia, June 14, 1999, White House","2015-0782-M-2","521-524","https://therealjameswilson.github.io/Clinton-Russia-High-Level/public/documents/1999-06-14-telcon-76.pdf","https://www.clintonlibrary.gov/sites/default/files/finding_aids_a_z/2026-01/2015-0782-M-2.pdf","Source: William J. Clinton Presidential Library, Clinton Presidential Records, Records of the National Security Council Records Management Office (Clinton Administration), NAID 7388808, Presidential Records Series (PRS) Files, NAID 7585721, NSC Records Management, [Yeltsin], OA/Box Number 2739, Folder Title/Record ID 9905128, Freedom of Information Act request 2006-1185-F, Records on Telephone Calls between William J. Clinton and Boris Yeltsin, June 13 and 14, 1999."
"82","1999-06-20","Memcon","494","503","494-502","503","9","Meeting with President Boris Yeltsin of Russia, June 20, 1999, Cologne, Germany","2015-0782-M-2","497-505","https://therealjameswilson.github.io/Clinton-Russia-High-Level/public/documents/1999-06-20-memcon-77.pdf","https://www.clintonlibrary.gov/sites/default/files/finding_aids_a_z/2026-01/2015-0782-M-2.pdf","Source: William J. Clinton Presidential Library, Clinton Presidential Records, Records of the National Security Council Records Management Office (Clinton Administration), NAID 7388808, Presidential Records Series (PRS) Files, NAID 7585721, NSC Records Management, [Yeltsin and Telcons], OA/Box Number 2736, Folder Title/Record ID 9904842, Mandatory Declassification Review 2015-0782-M-2, Declassified documents concerning Russian President Boris Yeltsin."
"83","1999-09-08","Telcon","504","509","504-508","509","5","Telephone call with President Boris Yeltsin of Russia, September 8, 1999, White House","2015-0782-M-2","548-552","https://therealjameswilson.github.io/Clinton-Russia-High-Level/public/documents/1999-09-08-telcon-78.pdf","https://www.clintonlibrary.gov/sites/default/files/finding_aids_a_z/2026-01/2015-0782-M-2.pdf","Source: William J. Clinton Presidential Library, Clinton Presidential Records, Records of the National Security Council Records Management Office (Clinton Administration), NAID 7388808, Presidential Records Series (PRS) Files, NAID 7585721, NSC Records Management, [Yeltsin and Telcons], OA/Box Number 2748, Folder Title/Record ID 9906603, Mandatory Declassification Review 2015-0782-M-2, Declassified documents concerning Russian President Boris Yeltsin."
"84","1999-11-19","Memcon","510","517","510-516","517","7","Meeting with President Boris Yeltsin of Russia, November 19, 1999, Istanbul, Turkey","2015-0782-M-2","560-566","https://therealjameswilson.github.io/Clinton-Russia-High-Level/public/documents/1999-11-18-memcon-79.pdf","https://www.clintonlibrary.gov/sites/default/files/finding_aids_a_z/2026-01/2015-0782-M-2.pdf","Source: William J. Clinton Presidential Library, Clinton Presidential Records, Records of the National Security Council Records Management Office (Clinton Administration), NAID 7388808, Presidential Records Series (PRS) Files, NAID 7585721, Document ID 9908997, Original OA/ID 2764, Mandatory Declassification Review 2014-0974-M, Declassified documents concerning Russian President Boris Yeltsin."
"85","1999-12-31","Telcon","518","521","518-520","521","3","Telephone call with President Boris Yeltsin of Russia, December 31, 1999, White House","2015-0782-M-2","582-584","https://therealjameswilson.github.io/Clinton-Russia-High-Level/public/documents/1999-12-31-telcon-80.pdf","https://www.clintonlibrary.gov/sites/default/files/finding_aids_a_z/2026-01/2015-0782-M-2.pdf","Source: William J. Clinton Presidential Library, Clinton Presidential Records, Records of the National Security Council Records Management Office (Clinton Administration), NAID 7388808, Presidential Records Series (PRS) Files, NAID 7585721, NSC Records Management, [Yeltsin and Telcons], Folder Title/Record ID 9909338, Mandatory Declassification Review 2015-0782-M-2, Declassified documents concerning Russian President Boris Yeltsin."
